City_ID,City,Country,Date,Lat,Lng,Max Temp,Humidity,Cloudiness,Wind Speed
0,Kutum,SD,2021-09-29 05:44:08,14.2,24.6667,77.07,27,76,15.52
1,Riyadh,SA,2021-09-29 05:39:53,24.6877,46.7219,87.85,23,0,1.14
2,Palatka,US,2021-09-29 05:44:09,29.6486,-81.6376,72.0,81,81,2.84
3,Busselton,AU,2021-09-29 05:44:09,-33.65,115.3333,64.04,84,50,17.45
4,Carnarvon,AU,2021-09-29 05:44:10,-24.8667,113.6333,75.27,60,10,11.5
5,Upernavik,GL,2021-09-29 05:44:10,72.7868,-56.1549,25.38,50,23,5.32
6,Bubaque,GW,2021-09-29 05:44:10,11.2833,-15.8333,81.75,77,99,17.02
7,Port Alfred,ZA,2021-09-29 05:44:11,-33.5906,26.891,61.27,77,100,13.33
8,Provideniya,RU,2021-09-29 05:44:11,64.3833,-173.3,32.11,64,0,6.71
9,Bluff,NZ,2021-09-29 05:44:11,-46.6,168.3333,44.8,64,95,24.49
10,Penzance,GB,2021-09-29 05:44:12,50.1186,-5.5371,53.76,65,4,22.77
11,The Valley,AI,2021-09-29 05:41:00,18.217,-63.0578,82.81,75,43,10.94
12,Mataura,NZ,2021-09-29 05:44:12,-46.1927,168.8643,44.47,99,90,10.74
13,Kanchanaburi,TH,2021-09-29 05:44:12,14.6333,99.1,89.02,60,83,1.86
14,Thompson,CA,2021-09-29 05:44:13,55.7435,-97.8558,50.16,66,20,8.05
15,Yining,CN,2021-09-29 05:44:13,29.0361,114.5636,75.56,90,100,2.82
16,Nelson Bay,AU,2021-09-29 05:44:14,-32.7167,152.15,66.25,86,100,7.14
17,Ponta Do Sol,PT,2021-09-29 05:44:14,32.6667,-17.1,72.23,76,65,7.78
18,Niquero,CU,2021-09-29 05:44:15,20.0431,-77.5828,76.95,80,42,6.62
19,Avarua,CK,2021-09-29 05:43:59,-21.2078,-159.775,71.65,83,100,4.61
20,Poltavka,RU,2021-09-29 05:44:15,54.3663,71.7632,44.53,54,100,12.44
21,Chesma,RU,2021-09-29 05:44:15,53.8111,60.6533,38.48,80,99,15.52
22,Airai,TL,2021-09-29 05:44:16,-8.9266,125.4092,80.78,33,15,3.38
23,Yulara,AU,2021-09-29 05:44:16,-25.2406,130.9889,82.24,17,0,4.61
24,Albany,US,2021-09-29 05:44:16,42.6001,-73.9662,51.67,81,69,4.79
25,Karratha,AU,2021-09-29 05:44:17,-20.7377,116.8463,85.71,22,1,12.55
26,Esmeralda,CU,2021-09-29 05:44:17,21.8525,-78.1169,74.44,91,6,4.65
27,Kruisfontein,ZA,2021-09-29 05:44:18,-34.0033,24.7314,57.97,66,93,8.48
28,Hobart,AU,2021-09-29 05:40:18,-42.8794,147.3294,56.23,68,75,1.01
29,Saint George,US,2021-09-29 05:42:09,37.1041,-113.5841,77.59,32,1,10.0
30,San Quintin,MX,2021-09-29 05:44:18,30.4833,-115.95,66.92,83,19,14.97
31,Malinovskiy,RU,2021-09-29 05:44:19,61.1953,62.8397,41.61,58,18,4.34
32,Punta Arenas,CL,2021-09-29 05:42:19,-53.15,-70.9167,46.51,46,20,25.32
33,Umm Kaddadah,SD,2021-09-29 05:44:19,13.6017,26.6876,85.08,20,41,17.49
34,Ushuaia,AR,2021-09-29 05:41:30,-54.8,-68.3,47.86,46,75,24.16
35,East London,ZA,2021-09-29 05:44:19,-33.0153,27.9116,59.94,77,75,9.22
36,Castro,BR,2021-09-29 05:44:20,-24.7911,-50.0119,61.3,90,91,3.85
37,Sur,OM,2021-09-29 05:44:20,22.5667,59.5289,89.46,51,93,7.72
38,Palmer,US,2021-09-29 05:44:21,42.1584,-72.3287,55.47,79,20,1.01
39,Hithadhoo,MV,2021-09-29 05:44:21,-0.6,73.0833,83.3,69,85,10.04
40,Talara,PE,2021-09-29 05:44:21,-4.5772,-81.2719,63.99,89,69,11.5
41,Vaini,TO,2021-09-29 05:44:22,-21.2,-175.2,77.16,88,20,6.91
42,Taman,RU,2021-09-29 05:44:22,45.2117,36.7161,52.12,64,53,21.07
43,Anadyr,RU,2021-09-29 05:44:22,64.75,177.4833,27.1,63,0,8.95
44,Nome,US,2021-09-29 05:44:23,64.5011,-165.4064,33.87,65,75,0.0
45,Canon City,US,2021-09-29 05:44:23,38.441,-105.2424,66.18,53,1,1.99
46,Atuona,PF,2021-09-29 05:44:24,-9.8,-139.0333,77.49,77,12,20.02
47,Ostrovnoy,RU,2021-09-29 05:44:24,68.0531,39.5131,49.71,65,98,15.14
48,Kahului,US,2021-09-29 05:44:24,20.8947,-156.47,78.84,74,40,10.36
49,Telfs,AT,2021-09-29 05:44:25,47.3,11.0667,60.96,97,100,2.82
50,Khatanga,RU,2021-09-29 05:44:25,71.9667,102.5,33.82,50,100,11.95
51,Salamiyah,SY,2021-09-29 05:44:25,35.0113,37.0532,71.74,65,0,7.38
52,Ugoofaaru,MV,2021-09-29 05:44:26,5.6667,73.0,81.82,78,70,12.84
53,Souillac,MU,2021-09-29 05:44:26,-20.5167,57.5167,77.38,57,20,17.27
54,Piopio,NZ,2021-09-29 05:44:27,-38.4667,175.0167,51.03,81,13,7.27
55,Cockburn Town,TC,2021-09-29 05:44:27,21.4612,-71.1419,82.98,73,6,10.09
56,Virginia Beach,US,2021-09-29 05:40:43,36.8529,-75.978,73.02,88,40,4.61
57,Esperance,AU,2021-09-29 05:44:27,-33.8667,121.9,67.84,64,96,8.79
58,New Norfolk,AU,2021-09-29 05:44:28,-42.7826,147.0587,55.89,55,98,1.01
59,Hermanus,ZA,2021-09-29 05:44:28,-34.4187,19.2345,59.9,80,16,13.38
60,Sumbe,AO,2021-09-29 05:44:29,-11.2061,13.8437,71.38,85,53,6.02
61,Tuktoyaktuk,CA,2021-09-29 05:44:29,69.4541,-133.0374,33.8,100,90,6.91
62,Faanui,PF,2021-09-29 05:44:29,-16.4833,-151.75,78.64,78,19,17.02
63,Cherskiy,RU,2021-09-29 05:44:30,68.75,161.3,22.86,95,100,14.14
64,Baruun-Urt,MN,2021-09-29 05:44:30,46.6806,113.2792,44.62,29,100,4.43
65,Jamestown,US,2021-09-29 05:42:31,42.097,-79.2353,51.44,81,1,3.44
66,Taksimo,RU,2021-09-29 05:44:31,56.3444,114.8794,42.53,51,97,5.39
67,Pevek,RU,2021-09-29 05:44:31,69.7008,170.3133,25.95,81,100,13.38
68,Port Elizabeth,ZA,2021-09-29 05:44:31,-33.918,25.5701,57.49,94,40,4.61
69,Kodiak,US,2021-09-29 05:44:32,57.79,-152.4072,43.5,86,98,9.33
70,Skibbereen,IE,2021-09-29 05:44:32,51.55,-9.2667,44.4,72,6,9.51
71,Isangel,VU,2021-09-29 05:44:32,-19.55,169.2667,75.31,60,65,8.05
72,Aklavik,CA,2021-09-29 05:44:33,68.2191,-135.0107,32.83,89,100,20.83
73,Tuatapere,NZ,2021-09-29 05:44:33,-46.1333,167.6833,44.82,84,79,15.57
74,Husavik,IS,2021-09-29 05:44:33,66.0449,-17.3389,39.11,74,80,14.67
75,Longyearbyen,SJ,2021-09-29 05:44:34,78.2186,15.6401,35.44,75,75,11.5
76,Oranjemund,NA,2021-09-29 05:44:34,-28.55,16.4333,57.24,83,62,11.36
77,Rikitea,PF,2021-09-29 05:44:35,-23.1203,-134.9692,73.69,62,94,16.96
78,Zhigansk,RU,2021-09-29 05:44:35,66.7697,123.3711,36.91,63,62,19.53
79,Smithers,CA,2021-09-29 05:42:30,54.7804,-127.1743,37.72,87,75,3.44
80,Guerrero Negro,MX,2021-09-29 05:44:36,27.9769,-114.0611,70.14,72,41,14.0
81,Taltal,CL,2021-09-29 05:40:20,-25.4,-70.4833,62.22,62,17,3.62
82,Gap,FR,2021-09-29 05:44:37,44.6667,6.0,39.83,88,27,5.82
83,Rafai,CF,2021-09-29 05:44:38,4.95,23.9167,72.79,83,100,1.21
84,Matara,LK,2021-09-29 05:44:38,5.9485,80.5353,85.8,67,88,16.11
85,Pontianak,ID,2021-09-29 05:44:38,-0.0333,109.3333,85.98,79,75,9.22
86,Mount Gambier,AU,2021-09-29 05:44:39,-37.8333,140.7667,66.11,52,97,18.41
87,Nikolayevsk-Na-Amure,RU,2021-09-29 05:44:39,53.1406,140.73,68.13,54,99,8.66
88,Imbituba,BR,2021-09-29 05:44:39,-28.24,-48.6703,66.81,96,100,3.94
89,Namibe,AO,2021-09-29 05:44:40,-15.1961,12.1522,64.15,83,32,1.88
90,Lagoa,PT,2021-09-29 05:44:40,39.05,-27.9833,71.02,87,94,14.25
91,Lebu,CL,2021-09-29 05:44:41,-37.6167,-73.65,45.16,83,23,3.44
92,Hovd,MN,2021-09-29 05:44:41,48.0056,91.6419,44.71,37,100,4.94
93,Ahipara,NZ,2021-09-29 05:44:41,-35.1667,173.1667,55.04,70,4,8.57
94,Saskylakh,RU,2021-09-29 05:44:42,71.9167,114.0833,29.95,78,100,5.06
95,Yar-Sale,RU,2021-09-29 05:44:42,66.8333,70.8333,39.92,71,100,6.22
96,Novoomskiy,RU,2021-09-29 05:44:42,54.8415,73.3017,48.22,46,75,11.18
97,Ilesha,NG,2021-09-29 05:44:43,7.1371,5.2583,71.13,99,83,1.88
98,Yellowknife,CA,2021-09-29 05:39:52,62.456,-114.3525,47.41,100,40,5.75
99,Qaanaaq,GL,2021-09-29 05:44:43,77.484,-69.3632,24.82,80,100,2.1
100,Barrow,US,2021-09-29 05:44:43,71.2906,-156.7887,30.22,74,90,11.5
101,Hasaki,JP,2021-09-29 05:44:44,35.7333,140.8333,77.29,63,77,9.95
102,Hervey Bay,AU,2021-09-29 05:44:44,-25.2986,152.8535,71.71,62,100,13.35
103,Potosi,BO,2021-09-29 05:44:45,-19.5836,-65.7531,45.12,63,1,3.22
104,Saint-Agapit,CA,2021-09-29 05:44:45,46.5629,-71.4352,47.59,84,58,3.24
105,Boksitogorsk,RU,2021-09-29 05:44:45,59.474,33.8485,43.61,83,100,0.98
106,Avera,US,2021-09-29 05:44:46,33.194,-82.5271,68.72,71,1,6.02
107,Mikuni,JP,2021-09-29 05:44:46,36.2171,136.1519,80.51,59,65,9.48
108,Iranshahr,IR,2021-09-29 05:44:47,27.2025,60.6848,93.54,27,0,4.61
109,Lake Havasu City,US,2021-09-29 05:44:47,34.4839,-114.3224,83.1,23,20,5.99
110,Agboville,CI,2021-09-29 05:44:48,5.928,-4.2132,71.19,99,92,1.03
111,Hami,CN,2021-09-29 05:44:48,42.8,93.45,78.03,14,6,1.68
112,Kapaa,US,2021-09-29 05:44:48,22.0752,-159.319,80.58,81,90,12.66
113,Clyde River,CA,2021-09-29 05:44:49,70.4692,-68.5914,32.0,84,100,8.79
114,Puerto Ayora,EC,2021-09-29 05:44:49,-0.7393,-90.3518,69.35,92,85,8.1
115,Norfolk,US,2021-09-29 05:43:01,42.1668,-71.2495,58.78,91,1,5.75
116,Nuuk,GL,2021-09-29 05:44:49,64.1835,-51.7216,30.81,64,20,8.05
117,Mabaruma,GY,2021-09-29 05:44:50,8.2,-59.7833,74.08,93,32,1.32
118,Korem,ET,2021-09-29 05:44:51,12.5058,39.5228,65.62,29,25,1.07
119,Villa Sandino,NI,2021-09-29 05:44:51,12.0483,-84.9936,70.5,95,94,4.25
120,Muros,ES,2021-09-29 05:44:51,42.7762,-9.0603,60.24,95,99,3.33
121,Mehamn,NO,2021-09-29 05:44:51,71.0357,27.8492,48.11,76,0,9.22
122,Muravlenko,RU,2021-09-29 05:44:52,63.7898,74.523,38.43,63,100,9.93
123,Takoradi,GH,2021-09-29 05:44:52,4.8845,-1.7554,74.98,91,37,2.86
124,Dikson,RU,2021-09-29 05:44:52,73.5069,80.5464,35.06,99,100,19.86
125,Blagoyevo,RU,2021-09-29 05:44:53,63.3667,47.9167,45.23,82,68,1.7
126,Tayturka,RU,2021-09-29 05:44:53,52.8692,103.4608,40.26,60,100,10.47
127,Nara,JP,2021-09-29 05:40:13,34.6851,135.8049,83.52,45,58,9.19
128,Evanston,US,2021-09-29 05:41:07,42.0411,-87.6901,62.96,90,1,1.01
129,Lompoc,US,2021-09-29 05:40:06,34.6391,-120.4579,61.79,84,1,8.05
130,Paamiut,GL,2021-09-29 05:44:54,61.994,-49.6678,31.98,37,18,4.59
131,Bredasdorp,ZA,2021-09-29 05:44:54,-34.5322,20.0403,47.52,87,19,1.14
132,Lasa,IT,2021-09-29 05:44:55,46.6166,10.7002,55.02,97,99,2.89
133,Nabire,ID,2021-09-29 05:44:55,-3.3667,135.4833,82.6,80,98,3.04
134,Touros,BR,2021-09-29 05:44:55,-5.1989,-35.4608,74.3,86,76,12.33
135,Inyonga,TZ,2021-09-29 05:44:56,-6.7167,32.0667,78.08,37,51,7.7
136,Arraial Do Cabo,BR,2021-09-29 05:44:56,-22.9661,-42.0278,70.25,92,8,22.19
137,Ancud,CL,2021-09-29 05:44:56,-41.8697,-73.8203,40.53,78,100,4.45
138,Port Blair,IN,2021-09-29 05:44:57,11.6667,92.75,84.47,71,71,6.69
139,Wattegama,LK,2021-09-29 05:44:57,6.7989,81.4808,88.72,35,68,2.77
140,Barrhead,GB,2021-09-29 05:44:57,55.7992,-4.3929,45.01,95,20,1.01
141,Port Lincoln,AU,2021-09-29 05:44:58,-34.7333,135.8667,61.2,74,64,3.53
142,Dawei,MM,2021-09-29 05:44:58,14.0833,98.2,87.01,71,69,8.05
143,Georgetown,MY,2021-09-29 05:43:06,5.4112,100.3354,85.98,71,20,5.99
144,Changli,CN,2021-09-29 05:44:58,39.7042,119.1506,72.66,67,17,12.41
145,Bambanglipuro,ID,2021-09-29 05:44:59,-7.95,110.2833,84.06,62,70,15.9
146,Tommot,RU,2021-09-29 05:44:59,58.9564,126.2925,34.75,97,100,10.47
147,Ponta Delgada,PT,2021-09-29 05:45:00,37.7333,-25.6667,73.51,94,20,5.75
148,Manapla,PH,2021-09-29 05:45:00,10.9167,123.1333,86.61,70,90,9.33
149,Asau,RO,2021-09-29 05:45:01,46.4333,26.4,50.76,87,94,2.66
150,Comodoro Rivadavia,AR,2021-09-29 05:40:05,-45.8667,-67.5,49.86,50,0,11.5
151,Thyolo,MW,2021-09-29 05:45:01,-16.0678,35.1405,73.42,32,0,12.24
152,Nikolskoye,RU,2021-09-29 05:45:02,59.7035,30.7861,48.87,71,100,2.53
153,Puerto Princesa,PH,2021-09-29 05:45:02,9.7392,118.7353,84.58,73,59,1.5
154,Hilo,US,2021-09-29 05:45:04,19.7297,-155.09,74.93,91,90,4.61
155,Pangnirtung,CA,2021-09-29 05:45:04,66.1451,-65.7125,35.02,49,100,2.39
156,Bol,TD,2021-09-29 05:45:04,13.4586,14.7147,82.44,69,93,4.83
157,Bardiyah,LY,2021-09-29 05:45:05,31.7561,25.0865,75.34,80,1,13.2
158,Yafran,LY,2021-09-29 05:45:05,32.0633,12.5286,69.44,66,0,2.86
159,Nanortalik,GL,2021-09-29 05:45:05,60.1432,-45.2371,36.55,64,0,2.8
160,Vila Franca Do Campo,PT,2021-09-29 05:45:06,37.7167,-25.4333,73.2,91,23,2.51
161,Victoria,HK,2021-09-29 05:44:24,22.2855,114.1577,91.45,75,10,8.99
162,Vao,NC,2021-09-29 05:45:06,-22.6667,167.4833,68.79,75,17,23.82
163,Topolevo,RU,2021-09-29 05:45:07,48.4994,135.1975,73.58,60,40,13.42
164,Saint-Augustin,CA,2021-09-29 05:45:07,51.226,-58.6502,44.47,85,13,7.36
165,Kavieng,PG,2021-09-29 05:45:07,-2.5744,150.7967,83.68,75,28,8.61
166,Warrnambool,AU,2021-09-29 05:45:08,-38.3833,142.4833,60.82,72,99,21.79
167,La Paz,BO,2021-09-29 05:44:54,-16.5,-68.15,42.78,93,40,3.44
168,Jericho,PS,2021-09-29 05:45:08,31.8667,35.45,80.19,61,2,0.07
169,Alice Springs,AU,2021-09-29 05:45:09,-23.7,133.8833,85.55,12,0,5.75
170,Mitsamiouli,KM,2021-09-29 05:45:09,-11.3847,43.2844,84.49,58,40,4.61
171,San Patricio,US,2021-09-29 05:45:09,28.017,-97.5169,84.29,79,55,17.18
172,Tessalit,ML,2021-09-29 05:45:10,20.1986,1.0114,81.01,12,3,8.81
173,Basco,PH,2021-09-29 05:45:10,20.4487,121.9702,83.77,68,49,12.03
174,Quelimane,MZ,2021-09-29 05:45:10,-17.8786,36.8883,75.15,78,0,10.0
175,Roebourne,AU,2021-09-29 05:45:11,-20.7833,117.1333,87.3,21,0,11.83
176,Grand Forks,US,2021-09-29 05:45:11,47.9417,-97.4337,75.13,53,1,17.27
177,Tura,IN,2021-09-29 05:45:11,25.5198,90.2201,76.87,87,100,3.6
178,Caravelas,BR,2021-09-29 05:45:12,-17.7125,-39.2481,69.28,90,0,5.19
179,Van,TR,2021-09-29 05:45:12,38.4924,43.3831,65.55,27,0,4.61
180,Narsaq,GL,2021-09-29 05:45:13,60.9167,-46.05,32.22,38,0,6.82
181,Tiksi,RU,2021-09-29 05:45:13,71.6872,128.8694,33.53,81,100,3.96
182,La Ronge,CA,2021-09-29 05:45:13,55.1001,-105.2842,61.05,72,90,2.3
183,Hofn,IS,2021-09-29 05:45:14,64.2539,-15.2082,39.2,70,100,4.16
184,Porgera,PG,2021-09-29 05:45:14,-5.4667,143.2,49.73,95,90,0.87
185,Kentau,KZ,2021-09-29 05:45:15,43.5206,68.5094,66.94,31,48,12.71
186,Pacifica,US,2021-09-29 05:41:39,37.6138,-122.4869,62.22,83,20,3.0
187,Ilulissat,GL,2021-09-29 05:45:15,69.2167,-51.1,28.42,43,26,12.66
188,Santa Rosa,PH,2021-09-29 05:45:16,14.3122,121.1114,89.58,69,47,6.91
189,Coquimbo,CL,2021-09-29 05:45:16,-29.9533,-71.3436,51.53,100,90,3.44
190,Codrington,AU,2021-09-29 05:45:16,-38.2667,141.9667,57.74,76,99,20.45
191,Aleksandrov Gay,RU,2021-09-29 05:45:17,50.147,48.5704,47.21,48,100,11.59
192,Leningradskiy,RU,2021-09-29 05:45:17,69.3833,178.4167,26.42,97,100,4.79
193,Norman Wells,CA,2021-09-29 05:45:17,65.282,-126.8329,30.24,86,75,9.22
194,Moose Factory,CA,2021-09-29 05:45:18,51.2585,-80.6094,44.6,93,90,5.75
195,North Branch,US,2021-09-29 05:45:18,45.5113,-92.9802,65.97,87,9,7.9
196,Pavlodar,KZ,2021-09-29 05:45:18,52.3,76.95,42.6,100,90,11.18
197,Thoen,TH,2021-09-29 05:45:19,17.6129,99.2161,93.33,52,16,0.69
198,Chuy,UY,2021-09-29 05:45:20,-33.6971,-53.4616,56.59,82,98,10.74
199,Barlinek,PL,2021-09-29 05:45:20,52.9946,15.2186,58.91,80,100,12.17
200,Olafsvik,IS,2021-09-29 05:45:20,64.8945,-23.7142,40.71,76,99,11.48
201,Djambala,CG,2021-09-29 05:45:21,-2.5447,14.7533,68.58,92,96,1.28
202,Marzuq,YE,2021-09-29 05:45:21,14.4,46.4667,85.59,22,33,3.29
203,Cape Town,ZA,2021-09-29 05:45:05,-33.9258,18.4232,60.28,66,20,23.02
204,Cam Ranh,VN,2021-09-29 05:45:22,11.9214,109.1591,87.76,58,75,13.8
205,Moranbah,AU,2021-09-29 05:45:22,-22.0016,148.0466,85.98,28,38,17.07
206,Sitka,US,2021-09-29 05:43:47,57.0531,-135.33,51.69,54,75,9.22
207,Korla,CN,2021-09-29 05:45:23,41.7597,86.1469,79.7,13,80,5.75
208,Ambilobe,MG,2021-09-29 05:45:23,-13.2,49.05,86.65,36,9,9.8
209,Panguna,PG,2021-09-29 05:45:23,-6.3164,155.4848,76.23,85,100,1.86
210,Chokurdakh,RU,2021-09-29 05:45:24,70.6333,147.9167,25.05,94,84,6.24
211,Richards Bay,ZA,2021-09-29 05:45:24,-28.783,32.0377,70.09,74,85,6.53
212,Russell,US,2021-09-29 05:45:20,32.3502,-85.1999,69.03,91,20,0.0
213,Mar Del Plata,AR,2021-09-29 05:44:59,-38.0023,-57.5575,44.01,100,25,0.0
214,Cabo San Lucas,MX,2021-09-29 05:45:14,22.8909,-109.9124,81.52,76,6,8.01
215,Tasiilaq,GL,2021-09-29 05:45:25,65.6145,-37.6368,35.76,62,100,4.92
216,Sol-Iletsk,RU,2021-09-29 05:45:26,51.1631,54.9918,43.61,52,99,13.15
217,Flinders,AU,2021-09-29 05:45:26,-34.5833,150.8552,61.88,88,100,7.61
218,Krasnoselkup,RU,2021-09-29 05:45:26,65.7,82.4667,39.96,57,58,4.32
219,Porto Novo,BJ,2021-09-29 05:45:27,6.4965,2.6036,78.62,91,83,3.67
220,Trelew,AR,2021-09-29 05:45:27,-43.249,-65.3051,52.72,34,10,3.4
221,Iqaluit,CA,2021-09-29 05:45:28,63.7506,-68.5145,24.53,93,20,3.44
222,Polonnaruwa,LK,2021-09-29 05:45:28,7.9333,81.0,95.05,39,90,14.16
223,Buraydah,SA,2021-09-29 05:45:28,26.326,43.975,81.05,12,2,6.82
224,College,US,2021-09-29 05:45:29,64.8569,-147.8028,28.35,77,1,0.0
225,Half Moon Bay,US,2021-09-29 05:45:29,37.4636,-122.4286,61.75,79,20,1.01
226,Cidreira,BR,2021-09-29 05:45:30,-30.1811,-50.2056,62.92,91,99,2.57
227,Maceio,BR,2021-09-29 05:44:00,-9.6658,-35.7353,76.44,94,40,3.44
228,Saint-Philippe,RE,2021-09-29 05:45:30,-21.3585,55.7679,78.35,70,30,14.03
229,Sinnamary,GF,2021-09-29 05:45:31,5.3833,-52.95,78.37,86,6,8.46
230,Beloha,MG,2021-09-29 05:45:31,-25.1667,45.05,83.3,33,73,2.59
231,Sao Filipe,CV,2021-09-29 05:45:31,14.8961,-24.4956,79.52,77,5,6.71
232,Ormara,PK,2021-09-29 05:45:32,25.2088,64.6357,89.6,59,57,4.25
233,Nouadhibou,MR,2021-09-29 05:45:32,20.931,-17.0347,75.18,73,41,24.16
234,Katsuura,JP,2021-09-29 05:45:32,35.1333,140.3,78.19,66,59,10.33
235,Torbay,CA,2021-09-29 05:45:21,47.6666,-52.7314,62.67,92,90,20.71
236,Kaitangata,NZ,2021-09-29 05:45:33,-46.2817,169.8464,48.92,76,76,15.35
237,Saint Anthony,US,2021-09-29 05:45:21,45.0205,-93.218,66.31,68,1,7.0
238,Nizhniy Tsasuchey,RU,2021-09-29 05:45:34,50.5167,115.1333,45.77,35,86,16.46
239,Camacha,PT,2021-09-29 05:45:34,33.0833,-16.3333,68.76,73,75,16.11
240,Alofi,NU,2021-09-29 05:45:34,-19.0595,-169.9187,75.09,100,24,11.5
241,Severo-Kurilsk,RU,2021-09-29 05:45:35,50.6789,156.125,53.4,82,88,9.26
242,Oriximina,BR,2021-09-29 05:45:35,-1.7656,-55.8661,75.79,77,65,1.39
243,Bolivar,US,2021-09-29 05:45:36,37.6145,-93.4105,70.7,83,10,8.66
244,Paratinga,BR,2021-09-29 05:45:36,-12.6906,-43.1842,74.8,50,18,5.93
245,General Roca,AR,2021-09-29 05:45:37,-39.0333,-67.5833,58.93,33,76,21.09
246,Bonnyville,CA,2021-09-29 05:45:37,54.2668,-110.735,55.2,73,100,3.85
247,San Cristobal,VE,2021-09-29 05:45:38,7.7669,-72.225,64.27,94,93,2.08
248,Vanimo,PG,2021-09-29 05:45:38,-2.6741,141.3028,84.22,76,58,8.16
249,Aktau,KZ,2021-09-29 05:45:39,43.65,51.2,57.78,58,17,10.13
250,Mahebourg,MU,2021-09-29 05:45:39,-20.4081,57.7,77.29,57,20,17.27
251,Morondava,MG,2021-09-29 05:45:39,-20.2833,44.2833,82.74,57,50,3.76
252,Goma,CD,2021-09-29 05:45:40,-1.6792,29.2228,64.69,82,40,6.91
253,Lakes Entrance,AU,2021-09-29 05:45:40,-37.8811,147.981,60.57,96,100,6.29
254,Panlaitan,PH,2021-09-29 05:45:40,12.1191,119.8486,85.06,71,60,7.7
255,Vestmannaeyjar,IS,2021-09-29 05:45:41,63.4427,-20.2734,41.7,74,100,36.66
256,Manyana,BW,2021-09-29 05:45:42,-23.4,21.7167,74.93,17,96,5.97
257,Kenai,US,2021-09-29 05:45:07,60.5544,-151.2583,32.05,74,1,3.44
258,Guanambi,BR,2021-09-29 05:45:42,-14.2233,-42.7814,69.78,68,2,13.02
259,Magadan,RU,2021-09-29 05:45:43,59.5667,150.8,36.79,57,67,4.76
260,Pochutla,MX,2021-09-29 05:45:43,15.7432,-96.4661,74.82,86,84,3.44
261,Bambous Virieux,MU,2021-09-29 05:45:43,-20.3428,57.7575,77.25,57,20,17.27
262,Zhangjiakou,CN,2021-09-29 05:41:46,40.81,114.8794,69.42,29,1,2.82
263,Flin Flon,CA,2021-09-29 05:45:20,54.7682,-101.865,60.44,63,83,13.82
264,Mao,ES,2021-09-29 05:45:44,39.8885,4.2658,68.56,94,20,3.44
265,Kloulklubed,PW,2021-09-29 05:45:44,7.0419,134.2556,88.3,71,95,7.43
266,Kamenicky Senov,CZ,2021-09-29 05:45:45,50.7736,14.4729,55.67,96,100,3.11
267,Kautokeino,NO,2021-09-29 05:45:45,69.0125,23.0412,38.35,98,50,11.21
268,Rio Grande,BR,2021-09-29 05:45:45,-32.035,-52.0986,60.94,94,100,17.05
269,Chateauroux,FR,2021-09-29 05:45:46,46.8167,1.7,57.2,94,75,12.66
270,Kampot,KH,2021-09-29 05:45:46,10.6167,104.1833,87.85,71,69,6.22
271,Harrisburg,US,2021-09-29 05:42:02,40.2737,-76.8844,60.94,82,1,0.0
272,Slave Lake,CA,2021-09-29 05:45:18,55.2834,-114.769,42.78,87,1,5.75
273,Sabang,ID,2021-09-29 05:45:47,5.8933,95.3214,80.74,73,100,3.4
274,Saskatoon,CA,2021-09-29 05:44:22,52.1168,-106.6345,62.17,50,75,1.01
275,Leshukonskoye,RU,2021-09-29 05:45:48,64.8989,45.7622,46.72,88,96,4.09
276,North Bend,US,2021-09-29 05:45:48,43.4065,-124.2243,52.95,97,1,4.61
277,Coihaique,CL,2021-09-29 05:45:48,-45.5752,-72.0662,39.15,87,0,4.61
278,Qui Nhon,VN,2021-09-29 05:45:49,13.7667,109.2333,84.31,76,81,9.69
279,Luderitz,NA,2021-09-29 05:45:49,-26.6481,15.1594,56.07,71,0,15.9
280,Bayir,TR,2021-09-29 05:45:49,37.2687,28.2167,59.52,43,72,5.03
281,Batsfjord,NO,2021-09-29 05:45:50,70.6345,29.7185,48.13,76,0,12.66
282,Evensk,RU,2021-09-29 05:45:50,61.95,159.2333,34.48,34,65,19.48
283,Mayo,US,2021-09-29 05:45:51,38.8876,-76.5119,68.41,85,18,1.01
284,Mozarlandia,BR,2021-09-29 05:45:51,-14.7447,-50.5706,85.17,34,86,6.58
285,Fortuna,US,2021-09-29 05:45:51,40.5982,-124.1573,55.65,73,40,9.22
286,Broome,US,2021-09-29 05:44:21,42.2506,-75.833,49.01,83,1,3.44
287,Meulaboh,ID,2021-09-29 05:45:52,4.1363,96.1285,82.85,74,99,8.23
288,Griffith,US,2021-09-29 05:45:52,41.5284,-87.4237,62.89,94,1,0.0
289,Belyy Yar,RU,2021-09-29 05:45:53,53.6039,91.3903,46.29,53,0,2.24
290,Eureka,US,2021-09-29 05:42:20,40.8021,-124.1637,55.92,73,100,3.0
291,Puerto Narino,CO,2021-09-29 05:45:53,-3.7703,-70.3831,73.35,99,51,1.7
292,Seoul,KR,2021-09-29 05:45:54,37.5683,126.9778,72.01,88,90,6.91
293,Fez,MA,2021-09-29 05:45:54,34.0372,-4.9998,61.05,77,0,3.44
294,Narrabri,AU,2021-09-29 05:45:55,-30.3167,149.7833,60.89,82,90,23.02
295,Vallenar,CL,2021-09-29 05:45:55,-28.5708,-70.7581,64.72,33,39,1.52
296,Pirgos,GR,2021-09-29 05:45:55,35.1167,25.7178,76.62,50,7,9.64
297,Shimoda,JP,2021-09-29 05:45:56,34.6667,138.95,77.11,75,45,9.71
298,Buala,SB,2021-09-29 05:45:56,-8.145,159.5921,80.42,83,100,7.09
299,Sembakung,ID,2021-09-29 05:45:57,3.8167,117.25,87.73,73,100,1.52
300,Vinh,VN,2021-09-29 05:45:57,18.6667,105.6667,87.48,67,6,4.76
301,Prince Rupert,CA,2021-09-29 05:45:20,54.3161,-130.3201,49.69,85,90,10.36
302,Kez,RU,2021-09-29 05:45:58,57.8979,53.7152,40.37,65,17,4.76
303,Poso,ID,2021-09-29 05:45:58,-1.3959,120.7524,84.61,74,66,2.35
304,Bengkulu,ID,2021-09-29 05:45:58,-3.8004,102.2655,82.9,75,87,4.97
305,Inirida,CO,2021-09-29 05:45:59,3.8653,-67.9239,72.01,99,87,2.33
306,Bilma,NE,2021-09-29 05:45:59,18.6853,12.9164,84.6,17,97,11.52
307,Butaritari,KI,2021-09-29 05:45:59,3.0707,172.7902,83.46,74,74,16.17
308,Tokonou,GN,2021-09-29 05:46:00,9.65,-9.7833,66.38,97,85,3.18
309,Talnakh,RU,2021-09-29 05:46:00,69.4865,88.3972,37.47,56,23,4.92
310,Jinchang,CN,2021-09-29 05:46:01,38.4953,102.1739,78.1,9,0,3.62
311,Geraldton,AU,2021-09-29 05:46:01,-28.7667,114.6,75.61,60,22,20.71
312,Kangaba,ML,2021-09-29 05:46:01,11.9333,-8.4167,72.52,84,1,3.76
313,Sandakan,MY,2021-09-29 05:46:02,5.8402,118.1179,87.48,74,40,8.01
314,Bavly,RU,2021-09-29 05:46:03,54.393,53.2602,42.12,53,51,10.8
315,Sarab,IR,2021-09-29 05:46:03,38.6066,44.9883,62.71,54,0,2.57
316,Nadadores,MX,2021-09-29 05:46:03,27.05,-101.6,72.79,82,41,0.27
317,Sokoni,TZ,2021-09-29 05:46:04,-6.4333,39.55,82.69,77,55,7.23
318,Lodja,CD,2021-09-29 05:46:04,-3.4833,23.4333,72.05,94,99,2.21
319,Taoudenni,ML,2021-09-29 05:46:04,22.6783,-3.9836,86.05,12,0,10.25
320,Kokkola,FI,2021-09-29 05:46:05,63.8385,23.1307,44.92,91,40,3.0
321,Lorengau,PG,2021-09-29 05:46:05,-2.0226,147.2712,84.22,75,50,8.1
322,Kathu,TH,2021-09-29 05:46:06,7.9178,98.3332,84.02,72,76,5.1
323,Komsomolskiy,UZ,2021-09-29 05:46:06,40.4272,71.7189,77.72,31,26,4.61
324,Gamba,GA,2021-09-29 05:46:07,-2.65,10.0,75.38,87,100,6.33
325,Kadiri,IN,2021-09-29 05:46:07,14.1167,78.1667,87.4,45,65,11.16
326,Champua,IN,2021-09-29 05:46:07,22.0833,85.6667,82.72,73,79,7.36
327,Yarmouth,US,2021-09-29 05:46:08,41.7057,-70.2286,64.15,96,90,18.99
328,Dvorichna,UA,2021-09-29 05:46:08,49.8496,37.6857,48.09,73,95,11.25
329,Shima,CN,2021-09-29 05:46:09,24.4478,117.8111,95.02,50,0,2.77
330,Kemijarvi,FI,2021-09-29 05:46:09,66.7131,27.4306,41.13,92,10,3.67
331,Skjervoy,NO,2021-09-29 05:46:09,70.0311,20.9714,48.38,84,76,0.74
332,Mahina,PF,2021-09-29 05:46:10,-17.5065,-149.489,78.57,65,20,3.44
333,Klaksvik,FO,2021-09-29 05:46:10,62.2266,-6.589,43.72,81,44,8.1
334,Sola,VU,2021-09-29 05:46:11,-13.8833,167.55,79.88,77,99,12.84
335,Dong Hoi,VN,2021-09-29 05:46:11,17.4833,106.6,85.53,72,9,6.8
336,Iquique,CL,2021-09-29 05:46:11,-20.2208,-70.1431,60.84,80,1,0.2
337,Bethel,US,2021-09-29 05:46:12,41.3712,-73.414,58.57,81,1,1.99
338,Jumla,NP,2021-09-29 05:46:12,29.2747,82.1838,71.62,62,25,6.73
339,Grants,US,2021-09-29 05:46:13,35.1473,-107.8514,50.23,93,1,0.0
340,Colares,PT,2021-09-29 05:46:13,38.7992,-9.4469,62.33,72,7,14.0
341,Saldanha,ZA,2021-09-29 05:46:13,-33.0117,17.9442,55.45,72,0,20.2
342,Salihorsk,BY,2021-09-29 05:46:14,52.7876,27.5415,43.75,90,14,11.14
343,Poum,NC,2021-09-29 05:46:14,-20.2333,164.0167,73.54,75,63,10.0
344,Fairbanks,US,2021-09-29 05:46:15,64.8378,-147.7164,28.36,77,1,0.0
345,Falmouth,GB,2021-09-29 05:46:15,50.1544,-5.0711,52.7,76,20,12.66
346,Verkhnyaya Inta,RU,2021-09-29 05:46:15,65.9811,60.3094,39.81,88,100,4.61
347,Rumford,US,2021-09-29 05:46:16,44.5537,-70.5509,52.16,89,41,4.56
348,La Reforma,MX,2021-09-29 05:46:16,25.0833,-108.05,79.14,80,0,3.58
349,Tabas,IR,2021-09-29 05:46:17,33.5959,56.9244,91.18,8,0,3.58
350,Mizan Teferi,ET,2021-09-29 05:46:17,6.9833,35.5833,64.53,95,100,0.18
351,Kaduy,RU,2021-09-29 05:46:17,59.2,37.15,41.04,79,99,3.51
352,Sao Jose Da Coroa Grande,BR,2021-09-29 05:46:18,-8.8978,-35.1478,74.19,85,33,6.76
353,Ust-Nera,RU,2021-09-29 05:46:18,64.5667,143.2,29.59,43,1,2.93
354,Dingle,PH,2021-09-29 05:46:19,10.9995,122.6711,86.74,73,89,8.79
355,Kaeo,NZ,2021-09-29 05:46:19,-35.1,173.7833,60.33,63,14,7.81
356,Aflao,TG,2021-09-29 05:46:19,6.116,1.1914,77.13,94,20,4.61
357,Cayenne,GF,2021-09-29 05:46:20,4.9333,-52.3333,82.09,81,0,3.0
358,Manuk Mangkaw,PH,2021-09-29 05:46:20,4.8,119.85,84.96,68,78,5.12
359,Santa Cruz,BO,2021-09-29 05:44:55,-17.8,-63.1667,74.66,83,5,6.91
360,Dubova,RO,2021-09-29 05:46:21,44.6167,22.2667,59.45,89,100,8.1
361,Plettenberg Bay,ZA,2021-09-29 05:46:21,-34.0527,23.3716,57.97,75,100,4.07
362,Srednekolymsk,RU,2021-09-29 05:46:22,67.45,153.6833,28.26,72,92,7.96
363,Beringovskiy,RU,2021-09-29 05:46:22,63.05,179.3167,31.05,55,95,5.14
364,Ogden,US,2021-09-29 05:41:23,41.223,-111.9738,54.97,49,1,5.75
365,Chara,RU,2021-09-29 05:46:22,56.9064,118.2631,38.66,61,98,4.43
366,Okhotsk,RU,2021-09-29 05:46:23,59.3833,143.3,43.41,70,99,19.48
367,Sarangani,PH,2021-09-29 05:46:23,5.4033,125.4636,84.87,70,67,9.19
368,Tshela,CD,2021-09-29 05:46:23,-4.9833,12.9333,73.9,82,100,0.65
369,Margate,GB,2021-09-29 05:46:24,51.3813,1.3862,50.92,91,97,3.0
370,Sosnogorsk,RU,2021-09-29 05:46:24,63.6023,53.8817,43.25,78,100,3.02
371,Belmonte,BR,2021-09-29 05:46:25,-15.8631,-38.8828,70.3,88,12,3.04
372,Lunenburg,CA,2021-09-29 05:46:25,44.3835,-64.3155,62.65,98,100,1.14
373,Christchurch,NZ,2021-09-29 05:46:25,-43.5333,172.6333,62.8,39,8,19.57
374,Ribeira Grande,PT,2021-09-29 05:46:26,38.5167,-28.7,71.94,88,15,12.39
375,Araouane,ML,2021-09-29 05:46:26,18.9048,-3.5265,85.19,14,0,8.01
376,Baiyin,CN,2021-09-29 05:46:27,36.5583,104.2081,70.68,29,100,4.9
377,Egvekinot,RU,2021-09-29 05:46:27,66.3167,-179.1667,19.58,95,94,4.92
378,Chicama,PE,2021-09-29 05:46:27,-7.8447,-79.1469,63.64,82,11,2.89
379,Haines Junction,CA,2021-09-29 05:46:28,60.7522,-137.5108,24.75,86,72,2.3
380,Kabo,CF,2021-09-29 05:46:28,7.6994,18.629,69.93,97,100,4.63
381,Bloomingdale,US,2021-09-29 05:45:27,27.8936,-82.2404,77.86,90,1,0.0
382,Requena,ES,2021-09-29 05:46:29,39.4883,-1.1004,60.13,56,0,3.06
383,Batemans Bay,AU,2021-09-29 05:44:02,-35.7167,150.1833,65.19,93,100,2.39
384,Huron,US,2021-09-29 05:46:29,41.1501,-82.5499,53.04,94,0,4.54
385,Coari,BR,2021-09-29 05:46:30,-4.085,-63.1414,72.1,96,77,0.51
386,Teruel,ES,2021-09-29 05:46:30,40.6667,-0.6667,55.36,92,30,2.98
387,Artigas,UY,2021-09-29 05:46:26,-30.4,-56.4667,57.63,96,82,12.8
388,Durazno,UY,2021-09-29 05:46:31,-33.4131,-56.5006,50.68,95,46,11.59
389,Lincoln,US,2021-09-29 05:46:31,40.8,-96.667,74.28,65,1,5.01
390,Lazarev,RU,2021-09-29 05:46:32,52.225,141.5131,57.83,91,61,22.3
391,Mafeteng,LS,2021-09-29 05:46:32,-29.823,27.2374,62.73,31,99,6.38
392,Itarema,BR,2021-09-29 05:46:33,-2.9248,-39.9167,78.55,84,14,16.62
393,Constitucion,CL,2021-09-29 05:46:33,-35.3333,-72.4167,48.02,55,0,5.03
394,Lagos,NG,2021-09-29 05:46:33,6.5833,3.75,75.52,93,48,2.3
395,Felanitx,ES,2021-09-29 05:46:34,39.4696,3.1483,66.13,78,0,3.0
396,Mustasaari,FI,2021-09-29 05:46:34,63.1142,21.6822,44.35,100,90,9.22
397,Bandarbeyla,SO,2021-09-29 05:46:35,9.4942,50.8122,88.43,54,93,23.51
398,Westport,US,2021-09-29 05:42:42,41.1415,-73.3579,62.76,84,1,8.01
399,Kungurtug,RU,2021-09-29 05:46:35,50.5994,97.5228,44.19,21,9,2.51
400,Berlevag,NO,2021-09-29 05:46:36,70.8578,29.0864,48.15,71,0,10.36
401,Selikhino,RU,2021-09-29 05:46:37,50.3672,137.4996,70.0,59,62,11.43
402,Padang,ID,2021-09-29 05:46:37,-0.9492,100.3543,82.45,89,100,6.55
403,Ketchikan,US,2021-09-29 05:46:38,55.3422,-131.6461,48.18,88,100,10.69
404,Xam Nua,LA,2021-09-29 05:46:38,20.4197,104.0439,87.06,44,11,3.2
405,Camana,PE,2021-09-29 05:46:38,-16.6228,-72.7111,61.14,78,2,4.12
406,Vardo,NO,2021-09-29 05:45:02,70.3705,31.1107,47.95,76,98,10.36
407,Kidal,ML,2021-09-29 05:46:39,18.4411,1.4078,82.11,15,67,7.45
408,Getulio Vargas,UY,2021-09-29 05:46:39,-32.6796,-53.5494,57.56,90,100,10.67
409,Grodzisk Wielkopolski,PL,2021-09-29 05:46:40,52.2276,16.3653,53.67,72,100,11.01
410,Bonavista,CA,2021-09-29 05:46:40,48.6499,-53.1147,62.11,95,96,8.32
411,Natal,BR,2021-09-29 05:46:40,-5.795,-35.2094,74.05,100,75,10.36
412,Strzelce Krajenskie,PL,2021-09-29 05:46:41,52.8773,15.5298,58.12,77,100,10.69
413,Juneau,US,2021-09-29 05:45:20,58.3019,-134.4197,44.65,93,40,4.61
414,Isla Mujeres,MX,2021-09-29 05:46:09,21.2311,-86.731,80.17,76,7,7.54
415,Lieksa,FI,2021-09-29 05:46:42,63.3167,30.0167,45.68,88,31,3.47
416,Kudahuvadhoo,MV,2021-09-29 05:46:42,2.6708,72.8944,83.05,73,85,11.16
417,Kizukuri,JP,2021-09-29 05:46:42,40.8061,140.3861,79.65,52,95,5.3
418,Waipawa,NZ,2021-09-29 05:46:43,-41.4122,175.5153,56.44,69,3,14.65
419,Parati,BR,2021-09-29 05:46:43,-23.2178,-44.7131,72.95,62,34,3.67
420,Bonthe,SL,2021-09-29 05:46:44,7.5264,-12.505,77.38,84,100,4.61
421,West Wendover,US,2021-09-29 05:46:44,40.7391,-114.0733,49.21,34,1,11.5
422,Suhbaatar,MN,2021-09-29 05:46:44,50.2314,106.2078,45.99,41,71,4.45
423,Finschhafen,PG,2021-09-29 05:46:45,-6.6024,147.8681,83.25,74,100,9.46
424,Svetlogorsk,BY,2021-09-29 05:46:45,52.6333,29.7333,43.93,84,44,8.41
425,Silivri,TR,2021-09-29 05:46:46,41.0802,28.226,64.9,61,81,19.19
426,Kieta,PG,2021-09-29 05:46:46,-6.2167,155.6333,83.14,79,98,6.55
427,Tiznit,MA,2021-09-29 05:46:46,29.5833,-9.5,68.32,48,1,1.1
428,Ceres,US,2021-09-29 05:44:00,37.5949,-120.9577,66.42,36,59,7.29
429,Fereydun Kenar,IR,2021-09-29 05:46:47,36.6864,52.5225,70.11,54,0,5.5
430,Sherghati,IN,2021-09-29 05:46:47,24.5667,84.7833,85.62,66,79,11.86
431,Halifax,CA,2021-09-29 05:44:27,44.6453,-63.5724,62.69,96,100,6.91
432,Zyryanka,RU,2021-09-29 05:46:48,65.75,150.85,31.89,58,100,15.97
433,Oistins,BB,2021-09-29 05:46:48,13.0667,-59.5333,80.69,83,40,10.36
434,Kawalu,ID,2021-09-29 05:46:49,-7.3817,108.2082,83.44,61,96,5.84
435,Krasnaya Gora,RU,2021-09-29 05:46:49,52.9995,31.6023,42.71,71,99,9.86
436,Jati,PK,2021-09-29 05:46:50,24.3539,68.2671,97.29,43,53,15.68
437,Susanville,US,2021-09-29 05:46:50,40.4163,-120.653,43.81,63,30,3.38
438,Port Hedland,AU,2021-09-29 05:46:50,-20.3167,118.5667,89.65,35,2,12.66
439,Palauig,PH,2021-09-29 05:46:51,15.435,119.9045,85.8,72,50,7.7
440,Sorland,NO,2021-09-29 05:46:51,67.667,12.6934,51.87,79,100,11.21
441,Hambantota,LK,2021-09-29 05:46:52,6.1241,81.1185,89.94,62,40,16.11
442,Mackenzie,CA,2021-09-29 05:46:52,55.2999,-123.1698,41.22,81,1,5.75
443,Kirkwood,US,2021-09-29 05:46:52,38.5834,-90.4068,74.28,79,0,4.29
444,Muzaffarabad,PK,2021-09-29 05:46:53,34.37,73.4711,86.04,54,0,4.72
445,Zvishavane,ZW,2021-09-29 05:46:53,-20.3267,30.0665,77.7,24,0,4.65
446,Bathsheba,BB,2021-09-29 05:46:54,13.2167,-59.5167,81.21,83,40,10.36
447,Arawa,PG,2021-09-29 05:46:54,-6.2132,155.5367,83.43,81,99,4.45
448,Ossora,RU,2021-09-29 05:46:55,59.2353,163.0719,32.27,74,100,19.57
449,Japura,ID,2021-09-29 05:46:55,-0.3167,102.35,93.13,52,88,0.11
450,Hualmay,PE,2021-09-29 05:46:55,-11.0964,-77.6139,61.41,86,36,6.64
451,Alma,CA,2021-09-29 05:46:56,48.5501,-71.6491,49.1,93,94,6.91
452,Sibolga,ID,2021-09-29 05:46:56,1.7427,98.7792,80.64,84,99,4.65
453,Fomboni,KM,2021-09-29 05:46:56,-12.28,43.7425,78.08,82,69,11.61
454,Wyndham,US,2021-09-29 05:46:16,37.6985,-77.6125,67.68,94,75,1.01
455,Kurilsk,RU,2021-09-29 05:46:57,45.2333,147.8833,58.91,73,35,9.37
456,Ostersund,SE,2021-09-29 05:46:57,63.1792,14.6357,47.61,100,75,12.66
457,Abeche,TD,2021-09-29 05:46:58,13.8292,20.8324,82.38,51,100,5.68
458,Pacific Grove,US,2021-09-29 05:46:58,36.6177,-121.9166,61.02,80,1,4.0
459,Pangody,RU,2021-09-29 05:46:58,65.85,74.4859,37.62,73,8,4.07
460,Jizan,SA,2021-09-29 05:46:59,17.3333,42.6667,88.74,61,8,3.38
461,Bakchar,RU,2021-09-29 05:46:59,57.0186,82.0711,46.26,55,94,9.33
462,Maragogi,BR,2021-09-29 05:47:00,-9.0122,-35.2225,73.67,86,40,6.06
463,Kostomuksha,RU,2021-09-29 05:47:00,64.571,30.5767,42.85,90,23,4.85
464,Novyy Urgal,RU,2021-09-29 05:47:01,51.0736,132.5642,52.84,86,100,7.25
465,Samana,DO,2021-09-29 05:47:01,19.2056,-69.3369,76.95,89,75,4.16
466,Walvis Bay,NA,2021-09-29 05:47:01,-22.9575,14.5053,55.09,82,90,1.14
467,Alta Gracia,AR,2021-09-29 05:47:02,-31.6529,-64.4283,58.37,91,15,3.2
468,Tevaitoa,PF,2021-09-29 05:47:02,-16.7833,-151.5,78.31,79,24,17.0
469,Linxia,CN,2021-09-29 05:47:02,35.6003,103.2064,70.63,31,84,1.79
470,Belaya Gora,RU,2021-09-29 05:47:03,68.5333,146.4167,30.94,67,89,9.57
471,Cananeia,BR,2021-09-29 05:47:03,-25.0147,-47.9267,67.78,97,99,6.38
472,Tara,RU,2021-09-29 05:47:03,56.8944,74.371,45.75,58,100,9.44
473,Bismarck,US,2021-09-29 05:47:04,46.8083,-100.7837,76.86,48,1,5.99
474,Imbituva,BR,2021-09-29 05:47:04,-25.23,-50.6044,63.66,83,100,6.29
475,Nobres,BR,2021-09-29 05:47:05,-14.7203,-56.3275,76.17,67,15,2.17
476,Puerto Del Rosario,ES,2021-09-29 05:47:05,28.5004,-13.8627,73.15,78,20,25.32
477,Lebyazhye,RU,2021-09-29 05:47:05,55.2689,66.4947,45.66,55,82,14.47
478,Kyzyl-Suu,KG,2021-09-29 05:47:06,42.3414,78.0056,65.19,30,100,7.49
479,Tazovskiy,RU,2021-09-29 05:47:06,67.4667,78.7,37.29,71,11,7.16
480,Missoula,US,2021-09-29 05:47:06,47.0166,-113.8009,37.8,85,69,3.83
481,Russkaya Polyana,UA,2021-09-29 05:47:07,49.417,31.9201,48.25,78,10,11.63
482,Khorramshahr,IR,2021-09-29 05:47:07,30.4397,48.1664,84.16,30,0,4.61
483,Nadym,RU,2021-09-29 05:47:08,65.5333,72.5167,36.07,92,75,5.5
484,Hanmer Springs,NZ,2021-09-29 05:47:09,-42.5167,172.8167,47.1,79,80,10.8
485,Cap Malheureux,MU,2021-09-29 05:47:09,-19.9842,57.6142,77.49,58,51,8.99
486,Kannangad,IN,2021-09-29 05:47:10,12.3081,75.1063,81.03,82,57,6.58
487,Gat,IL,2021-09-29 05:47:01,31.61,34.7642,75.9,100,35,3.6
488,Dawlatabad,AF,2021-09-29 05:47:10,36.4141,64.9053,78.3,20,0,6.96
489,Bowen,AU,2021-09-29 05:47:11,-20.0167,148.2333,79.02,65,9,11.86
490,Puerto Colombia,CO,2021-09-29 05:47:11,10.9878,-74.9547,77.09,78,95,3.87
491,Whitehorse,CA,2021-09-29 05:47:11,60.7161,-135.0538,34.57,98,75,0.0
492,Conroe,US,2021-09-29 05:47:12,30.3119,-95.456,75.15,93,84,5.21
493,Altay,CN,2021-09-29 05:47:12,47.8667,88.1167,59.85,36,74,5.5
494,Soyo,AO,2021-09-29 05:47:13,-6.1349,12.3689,73.45,81,100,5.79
495,Asyut,EG,2021-09-29 05:47:13,27.181,31.1837,71.78,46,0,13.06
496,Hirara,JP,2021-09-29 05:47:14,24.8,125.2833,87.66,74,40,11.5
497,Mogadishu,SO,2021-09-29 05:45:59,2.0371,45.3438,80.47,89,75,12.66
498,Gimli,CA,2021-09-29 05:47:14,50.6336,-96.9907,64.42,77,9,9.22
499,Mamlyutka,KZ,2021-09-29 05:47:14,54.9375,68.5394,42.82,51,77,12.88
500,Uberlandia,BR,2021-09-29 05:47:15,-18.9186,-48.2772,76.21,41,0,5.75
501,Khandyga,RU,2021-09-29 05:47:15,62.6667,135.6,46.92,37,1,8.08
502,Naze,JP,2021-09-29 05:47:16,28.3667,129.4833,85.12,77,51,19.08
503,Great Yarmouth,GB,2021-09-29 05:47:16,52.6083,1.7305,51.24,86,100,15.43
504,Yanji,CN,2021-09-29 05:47:17,42.9075,129.5078,72.9,60,74,1.74
505,Aviles,ES,2021-09-29 05:47:17,43.5547,-5.9248,62.76,72,75,5.01
506,Nizhniy Baskunchak,RU,2021-09-29 05:47:17,48.2198,46.8311,50.34,41,88,11.5
507,Tarata,BO,2021-09-29 05:47:18,-17.6167,-66.0167,62.02,64,10,3.58
508,Zhangye,CN,2021-09-29 05:47:18,38.9342,100.4517,78.19,12,0,18.66
509,Pervomayskoye,RU,2021-09-29 05:47:19,43.919,46.7102,59.68,56,97,6.93
510,Ambon,ID,2021-09-29 05:47:19,-3.6954,128.1814,84.34,84,40,5.75
511,Kokopo,PG,2021-09-29 05:47:19,-4.352,152.2633,84.85,69,41,11.32
512,Taitung,TW,2021-09-29 05:47:20,22.7583,121.1444,88.07,62,20,8.05
513,Porto Nacional,BR,2021-09-29 05:47:20,-10.7081,-48.4172,80.6,64,40,2.46
514,Ribnitz-Damgarten,DE,2021-09-29 05:47:21,54.25,12.4667,52.11,69,100,7.58
515,Lensk,RU,2021-09-29 05:47:21,60.7253,114.9278,36.61,86,98,5.48
516,Dovolnoye,RU,2021-09-29 05:47:22,54.4958,79.6671,36.09,97,100,14.32
517,Athabasca,CA,2021-09-29 05:47:22,54.7169,-113.2854,46.22,60,99,2.62
518,Port-Cartier,CA,2021-09-29 05:47:22,50.0334,-66.8654,42.91,82,95,5.12
519,Trapani,IT,2021-09-29 05:47:23,37.8333,12.6667,69.98,100,20,5.75
520,Rocha,UY,2021-09-29 05:47:23,-34.4833,-54.3333,49.26,90,51,5.66
521,Digapahandi,IN,2021-09-29 05:47:24,19.3667,84.5833,88.54,65,98,2.21
522,Salas,ES,2021-09-29 05:47:25,43.4118,-6.2602,59.34,77,100,4.83
523,Praya,CV,2021-09-29 05:47:25,14.9215,-23.5087,75.74,88,0,4.61
524,Turayf,SA,2021-09-29 05:47:25,31.6725,38.6637,64.65,77,0,9.22
525,Harnosand,SE,2021-09-29 05:47:26,62.6323,17.9379,52.0,93,100,10.98
526,Innisfail,AU,2021-09-29 05:47:26,-17.5333,146.0333,77.09,71,89,7.7
527,Kavaratti,IN,2021-09-29 05:47:27,10.5669,72.642,81.73,80,25,17.81
528,Odweyne,SO,2021-09-29 05:47:27,9.4092,45.064,81.12,43,8,18.5
529,Luang Prabang,LA,2021-09-29 05:47:27,19.8856,102.1347,84.16,74,40,2.3
530,Kermen,BG,2021-09-29 05:47:28,42.5,26.25,58.82,67,90,9.22
531,Caieiras,BR,2021-09-29 05:47:28,-23.3642,-46.7406,73.9,45,60,3.53
532,Murighiol,RO,2021-09-29 05:47:29,45.0333,29.1667,54.45,61,73,10.04
533,Guadalajara,MX,2021-09-29 05:46:40,20.6667,-103.3333,64.98,100,94,2.62
534,Kiruna,SE,2021-09-29 05:47:29,67.8557,20.2251,40.12,87,90,3.44
535,Arlit,NE,2021-09-29 05:47:30,18.7369,7.3853,86.09,24,26,8.23
536,Boteni,RO,2021-09-29 05:47:30,45.1833,25.1167,50.99,84,100,3.27
537,Martapura,ID,2021-09-29 05:47:30,-3.4167,114.85,89.69,55,40,14.97
538,Dalvik,IS,2021-09-29 05:47:31,65.9702,-18.5286,39.13,79,44,13.47
539,Iskateley,RU,2021-09-29 05:47:31,67.6803,53.1512,43.79,80,100,13.42
540,Katherine,AU,2021-09-29 05:47:32,-14.4667,132.2667,98.92,28,0,4.61
541,Celestun,MX,2021-09-29 05:47:32,20.8667,-90.4,78.82,80,13,11.9
542,Hobyo,SO,2021-09-29 05:47:32,5.3505,48.5268,84.49,63,2,18.7
543,Nuoro,IT,2021-09-29 05:47:33,40.3211,9.3297,63.66,79,95,4.61
544,Rundu,NA,2021-09-29 05:47:33,-17.9333,19.7667,74.73,29,16,5.39
545,Kabinda,CD,2021-09-29 05:47:34,-6.1333,24.4833,74.59,72,93,2.46
546,Bhinmal,IN,2021-09-29 05:47:34,25.0,72.25,90.72,54,12,20.0
547,Lahat,ID,2021-09-29 05:47:34,-3.8,103.5333,86.76,67,84,3.31
548,Novopokrovka,UA,2021-09-29 05:47:35,49.8425,36.5477,46.78,75,95,10.4
549,Sheridan,US,2021-09-29 05:47:35,44.8333,-106.9173,68.18,36,90,27.63
550,Santa Maria,BR,2021-09-29 05:43:28,-29.6842,-53.8069,61.34,98,98,5.01
551,Ardalstangen,NO,2021-09-29 05:47:36,61.2371,7.6983,55.89,87,100,6.38
552,Sao Joao Da Barra,BR,2021-09-29 05:44:28,-21.6403,-41.0511,71.37,88,23,16.22
553,Dano,BF,2021-09-29 05:47:37,11.15,-3.0667,72.63,86,10,4.81
554,Dolores,AR,2021-09-29 05:47:38,-36.3132,-57.6792,46.22,92,50,5.19
555,Dauriya,RU,2021-09-29 05:47:39,49.9333,116.8667,43.38,41,86,16.73
556,Boden,SE,2021-09-29 05:47:39,65.8252,21.6886,48.2,93,65,4.03
557,Mattru,SL,2021-09-29 05:47:39,7.6244,-11.8332,73.04,96,97,1.12
558,Betera,ES,2021-09-29 05:47:40,39.5833,-0.45,67.24,87,20,2.3
559,Temple,US,2021-09-29 05:46:27,31.0982,-97.3428,71.04,84,1,3.0
560,Betare Oya,CM,2021-09-29 05:47:40,5.6,14.0833,67.89,99,99,1.48
561,Kabanjahe,ID,2021-09-29 05:47:41,3.1001,98.4908,66.96,84,98,1.83
562,Beyneu,KZ,2021-09-29 05:47:41,45.3167,55.2,50.22,45,18,15.21
563,Mujiayingzi,CN,2021-09-29 05:47:41,42.1167,118.7833,60.73,52,18,6.13
564,Nizwa,OM,2021-09-29 05:47:42,22.9333,57.5333,93.63,28,98,2.53
565,Vagur,FO,2021-09-29 05:47:42,61.4732,-6.8119,48.51,81,9,11.43
566,Castries,LC,2021-09-29 05:47:43,13.9957,-61.0061,78.75,73,3,7.52
567,Alta Floresta,BR,2021-09-29 05:47:43,-9.8756,-56.0861,68.56,98,73,3.22
568,Yantal,RU,2021-09-29 05:47:44,56.8471,105.2542,38.46,82,99,5.97
569,Rio Branco,BR,2021-09-29 05:47:44,-9.9747,-67.81,77.61,83,0,2.3
570,Duluth,US,2021-09-29 05:47:44,46.7833,-92.1066,58.35,92,1,1.01
571,Tateyama,JP,2021-09-29 05:47:45,34.9833,139.8667,81.14,68,53,11.1
572,Shache,CN,2021-09-29 05:47:45,38.4167,77.2406,83.48,9,0,10.18
573,Kyaikkami,MM,2021-09-29 05:47:46,16.08,97.5675,84.43,77,31,6.76
