City_ID,City,Country,Lat,Lng,Max Temp,Humidity,Cloudiness,Wind Speed,Current Description,Date
0,Mankato,US,44.1636,-93.9994,58.21,91,1,5.75,clear sky,2021-10-05 05:43:24
1,Kirando,TZ,-7.4167,30.6,81.25,54,53,1.59,broken clouds,2021-10-05 05:46:35
2,Tasiilaq,GL,65.6145,-37.6368,35.76,61,63,5.79,broken clouds,2021-10-05 05:46:35
3,East London,ZA,-33.0153,27.9116,56.34,94,20,4.61,light rain,2021-10-05 05:43:02
4,Vardo,NO,70.3705,31.1107,53.8,85,100,25.12,overcast clouds,2021-10-05 05:46:36
5,Mount Isa,AU,-20.7333,139.5,94.77,10,40,10.36,scattered clouds,2021-10-05 05:46:36
6,Kang,BW,-23.6752,22.7876,64.49,63,1,13.91,clear sky,2021-10-05 05:46:36
7,Albany,US,42.6001,-73.9662,57.09,95,100,1.01,overcast clouds,2021-10-05 05:45:29
8,Jamestown,US,42.097,-79.2353,64.04,98,90,1.01,fog,2021-10-05 05:46:37
9,Ushuaia,AR,-54.8,-68.3,38.82,87,90,18.41,overcast clouds,2021-10-05 05:46:37
10,Boueni,YT,-12.9025,45.0761,80.58,75,26,2.33,scattered clouds,2021-10-05 05:46:38
11,Rikitea,PF,-23.1203,-134.9692,73.67,75,98,19.26,overcast clouds,2021-10-05 05:46:38
12,Severo-Kurilsk,RU,50.6789,156.125,45.41,82,82,22.77,light rain,2021-10-05 05:46:38
13,Ahipara,NZ,-35.1667,173.1667,61.09,90,38,3.24,scattered clouds,2021-10-05 05:46:39
14,Geraldton,AU,-28.7667,114.6,68.41,56,75,14.97,broken clouds,2021-10-05 05:46:39
15,Hermanus,ZA,-34.4187,19.2345,58.89,76,25,13.98,scattered clouds,2021-10-05 05:46:40
16,Airai,TL,-8.9266,125.4092,76.48,48,88,3.2,overcast clouds,2021-10-05 05:46:40
17,Hithadhoo,MV,-0.6,73.0833,84.36,73,57,17.69,broken clouds,2021-10-05 05:46:40
18,Lac Du Bonnet,CA,50.2536,-96.0612,55.78,44,17,6.35,few clouds,2021-10-05 05:46:41
19,Onokhoy,RU,51.932,108.0747,44.35,41,5,1.14,clear sky,2021-10-05 05:46:41
20,Castro,BR,-24.7911,-50.0119,55.6,98,100,6.78,overcast clouds,2021-10-05 05:46:42
21,Puerto Ayora,EC,-0.7393,-90.3518,68.56,90,26,5.01,scattered clouds,2021-10-05 05:46:42
22,Ribeira Grande,PT,38.5167,-28.7,72.23,85,97,12.35,overcast clouds,2021-10-05 05:46:42
23,Cape Town,ZA,-33.9258,18.4232,60.28,60,0,4.0,clear sky,2021-10-05 05:46:19
24,Katsuura,JP,35.1333,140.3,80.71,69,23,14.65,few clouds,2021-10-05 05:46:43
25,San Patricio,US,28.017,-97.5169,78.64,60,67,4.61,broken clouds,2021-10-05 05:46:43
26,Kedrovyy,RU,56.1667,91.8167,41.41,47,98,7.61,overcast clouds,2021-10-05 05:46:44
27,Norman Wells,CA,65.282,-126.8329,32.04,93,75,9.22,light snow,2021-10-05 05:46:44
28,Khor,RU,47.8861,134.9464,52.63,41,2,9.24,clear sky,2021-10-05 05:46:45
29,Marsa Matruh,EG,31.3525,27.2453,71.69,61,3,6.53,clear sky,2021-10-05 05:46:45
30,Mataura,NZ,-46.1927,168.8643,59.49,72,31,3.58,scattered clouds,2021-10-05 05:46:45
31,Burnie,AU,-41.0667,145.9167,56.95,69,100,15.12,overcast clouds,2021-10-05 05:46:46
32,Kapaa,US,22.0752,-159.319,80.58,79,75,3.0,broken clouds,2021-10-05 05:46:46
33,Druzhba,UA,52.0428,33.9453,45.59,70,2,9.82,clear sky,2021-10-05 05:46:47
34,Skelleftea,SE,64.7507,20.9528,52.0,66,40,1.99,scattered clouds,2021-10-05 05:46:47
35,Torbay,CA,47.6666,-52.7314,45.27,87,90,20.71,light rain,2021-10-05 05:46:47
36,Barrow,US,71.2906,-156.7887,12.22,85,20,11.5,few clouds,2021-10-05 05:46:48
37,Nome,US,64.5011,-165.4064,39.27,87,90,29.93,moderate rain,2021-10-05 05:46:48
38,Lubango,AO,-14.9172,13.4925,66.29,30,8,2.91,clear sky,2021-10-05 05:46:49
39,Ciudad Bolivar,VE,8.1222,-63.5497,76.5,88,26,7.78,scattered clouds,2021-10-05 05:46:49
40,Clyde River,CA,70.4692,-68.5914,32.7,84,94,5.97,overcast clouds,2021-10-05 05:46:49
41,Lakes Entrance,AU,-37.8811,147.981,60.57,69,100,19.51,overcast clouds,2021-10-05 05:46:50
42,Hobart,AU,-42.8794,147.3294,61.05,72,75,1.01,broken clouds,2021-10-05 05:45:02
43,Cherskiy,RU,68.75,161.3,17.46,98,91,5.08,overcast clouds,2021-10-05 05:46:50
44,Labuhan,ID,-6.8844,112.2051,87.22,59,23,11.52,few clouds,2021-10-05 05:46:51
45,Rubiataba,BR,-15.1644,-49.8033,75.52,61,29,1.3,scattered clouds,2021-10-05 05:46:51
46,Visby,SE,57.6409,18.296,53.85,100,90,5.75,mist,2021-10-05 05:46:51
47,Yellowknife,CA,62.456,-114.3525,36.41,100,90,1.01,light rain,2021-10-05 05:46:52
48,Touros,BR,-5.1989,-35.4608,74.3,79,51,11.97,broken clouds,2021-10-05 05:46:52
49,Reforma,MX,18.1,-91.0167,73.15,94,92,4.29,overcast clouds,2021-10-05 05:46:53
50,Butaritari,KI,3.0707,172.7902,82.36,65,65,9.95,broken clouds,2021-10-05 05:46:53
51,Avarua,CK,-21.2078,-159.775,73.45,88,40,9.22,scattered clouds,2021-10-05 05:46:54
52,Kavieng,PG,-2.5744,150.7967,82.89,71,99,3.11,light rain,2021-10-05 05:46:54
53,Hilo,US,19.7297,-155.09,79.29,79,90,3.44,light rain,2021-10-05 05:46:54
54,Muros,ES,42.7762,-9.0603,64.9,94,65,8.46,broken clouds,2021-10-05 05:46:55
55,Atuona,PF,-9.8,-139.0333,78.17,75,5,18.63,clear sky,2021-10-05 05:46:55
56,Codrington,AU,-38.2667,141.9667,56.86,64,31,16.11,scattered clouds,2021-10-05 05:46:55
57,Pacific Grove,US,36.6177,-121.9166,62.82,91,75,1.01,broken clouds,2021-10-05 05:46:56
58,Pisco,PE,-13.7,-76.2167,62.65,82,40,4.61,scattered clouds,2021-10-05 05:46:56
59,Morondava,MG,-20.2833,44.2833,83.86,51,4,2.44,clear sky,2021-10-05 05:46:57
60,Sungairaya,ID,0.7,108.9,87.71,59,41,9.24,scattered clouds,2021-10-05 05:46:57
61,Saint-Philippe,RE,-21.3585,55.7679,76.59,74,42,7.34,scattered clouds,2021-10-05 05:46:57
62,Aklavik,CA,68.2191,-135.0107,27.32,86,100,10.2,overcast clouds,2021-10-05 05:46:58
63,New Norfolk,AU,-42.7826,147.0587,60.71,64,80,4.0,light rain,2021-10-05 05:46:58
64,Plattsburgh,US,44.6995,-73.4529,58.05,91,90,4.61,overcast clouds,2021-10-05 05:46:58
65,Ayr,GB,55.4627,-4.6339,48.09,87,0,3.44,clear sky,2021-10-05 05:46:59
66,Camana,PE,-16.6228,-72.7111,60.8,83,83,7.27,broken clouds,2021-10-05 05:46:59
67,Khasan,RU,42.4308,130.6434,50.97,79,100,8.61,overcast clouds,2021-10-05 05:47:00
68,Busselton,AU,-33.65,115.3333,55.04,55,98,11.97,overcast clouds,2021-10-05 05:47:00
69,Singojuruh,ID,-8.3167,114.2333,78.13,79,91,6.44,overcast clouds,2021-10-05 05:47:01
70,Aransas Pass,US,27.9095,-97.15,78.78,79,1,1.01,clear sky,2021-10-05 05:47:01
71,Aykhal,RU,66.0,111.5,31.68,70,90,18.75,overcast clouds,2021-10-05 05:47:01
72,Batemans Bay,AU,-35.7167,150.1833,69.1,46,66,3.09,broken clouds,2021-10-05 05:47:02
73,Tiksi,RU,71.6872,128.8694,27.63,80,100,26.02,overcast clouds,2021-10-05 05:47:02
74,Bredasdorp,ZA,-34.5322,20.0403,57.27,93,23,6.91,few clouds,2021-10-05 05:47:02
75,Pechenga,RU,69.5259,31.1703,52.66,88,100,25.37,light rain,2021-10-05 05:47:03
76,Sorland,NO,67.667,12.6934,51.87,84,56,32.08,broken clouds,2021-10-05 05:47:03
77,Port Lincoln,AU,-34.7333,135.8667,63.59,42,46,3.91,scattered clouds,2021-10-05 05:47:04
78,Ca Mau,VN,9.1769,105.15,81.57,82,100,3.47,overcast clouds,2021-10-05 05:47:04
79,Chuy,UY,-33.6971,-53.4616,46.29,78,7,3.85,clear sky,2021-10-05 05:47:04
80,Sakaiminato,JP,35.55,133.2333,85.98,39,75,16.11,broken clouds,2021-10-05 05:47:05
81,Bluff,NZ,-46.6,168.3333,59.81,90,27,8.99,scattered clouds,2021-10-05 05:47:05
82,Lagoa,PT,39.05,-27.9833,71.04,81,100,3.53,overcast clouds,2021-10-05 05:47:06
83,Tuktoyaktuk,CA,69.4541,-133.0374,26.6,86,90,5.75,overcast clouds,2021-10-05 05:47:06
84,Canutama,BR,-6.5339,-64.3831,74.64,92,94,1.45,moderate rain,2021-10-05 05:47:06
85,Nakhon Phanom,TH,17.3333,104.4167,91.2,52,77,2.19,broken clouds,2021-10-05 05:47:07
86,Carnarvon,AU,-24.8667,113.6333,71.67,49,39,16.11,scattered clouds,2021-10-05 05:47:07
87,Eureka,US,40.8021,-124.1637,53.67,95,85,2.42,overcast clouds,2021-10-05 05:47:08
88,Karoi,ZW,-16.8099,29.6925,72.64,56,43,9.6,scattered clouds,2021-10-05 05:47:08
89,Kahului,US,20.8947,-156.47,78.82,78,1,19.57,clear sky,2021-10-05 05:45:44
90,Port Alfred,ZA,-33.5906,26.891,60.8,73,25,11.45,scattered clouds,2021-10-05 05:47:08
91,Half Moon Bay,US,37.4636,-122.4286,72.0,77,90,0.0,fog,2021-10-05 05:47:09
92,Lompoc,US,34.6391,-120.4579,72.21,59,20,8.05,few clouds,2021-10-05 05:47:09
93,Katangli,RU,51.7102,143.2326,45.0,55,66,14.38,broken clouds,2021-10-05 05:47:10
94,Tessalit,ML,20.1986,1.0114,82.22,15,0,10.63,clear sky,2021-10-05 05:47:10
95,Huescar,ES,37.811,-2.5412,50.94,55,36,2.73,scattered clouds,2021-10-05 05:47:10
96,Opuwo,NA,-18.0607,13.84,68.04,20,7,3.11,clear sky,2021-10-05 05:47:10
97,Kavaratti,IN,10.5669,72.642,81.99,77,94,3.09,light rain,2021-10-05 05:47:11
98,Tuatapere,NZ,-46.1333,167.6833,59.83,95,62,1.99,light rain,2021-10-05 05:47:11
99,Kenai,US,60.5544,-151.2583,37.15,83,1,0.0,clear sky,2021-10-05 05:47:12
100,Saskylakh,RU,71.9167,114.0833,30.11,94,100,14.23,overcast clouds,2021-10-05 05:47:12
101,Lata,PT,40.1629,-8.3327,63.05,84,95,2.98,overcast clouds,2021-10-05 05:47:12
102,Mahebourg,MU,-20.4081,57.7,77.25,83,75,3.44,broken clouds,2021-10-05 05:47:13
103,Narsaq,GL,60.9167,-46.05,30.42,52,0,4.65,clear sky,2021-10-05 05:47:13
104,Garowe,SO,8.4054,48.4845,84.72,51,7,18.52,clear sky,2021-10-05 05:47:14
105,Thompson,CA,55.7435,-97.8558,32.16,93,40,0.0,scattered clouds,2021-10-05 05:47:14
106,Punta Arenas,CL,-53.15,-70.9167,37.51,81,0,19.57,clear sky,2021-10-05 05:44:59
107,Baraboo,US,43.4711,-89.7443,63.81,90,90,0.0,overcast clouds,2021-10-05 05:47:15
108,Bethel,US,41.3712,-73.414,59.99,92,90,6.91,overcast clouds,2021-10-05 05:47:08
109,Cabo San Lucas,MX,22.8909,-109.9124,83.52,77,2,5.99,clear sky,2021-10-05 05:46:14
110,Bakel,SN,14.905,-12.4568,83.97,67,96,11.43,overcast clouds,2021-10-05 05:47:15
111,Taoudenni,ML,22.6783,-3.9836,86.94,13,0,7.96,clear sky,2021-10-05 05:47:16
112,Blagoveshchensk,RU,50.2667,127.5333,56.01,28,20,4.47,few clouds,2021-10-05 05:43:10
113,Glenwood Springs,US,39.5505,-107.3248,53.4,51,9,2.1,clear sky,2021-10-05 05:47:16
114,Zhanaozen,KZ,43.3,52.8,55.33,55,100,21.81,overcast clouds,2021-10-05 05:47:16
115,Paamiut,GL,61.994,-49.6678,37.87,63,6,4.5,clear sky,2021-10-05 05:47:17
116,Nyagan,RU,62.1406,65.3936,38.14,69,100,5.14,overcast clouds,2021-10-05 05:47:17
117,Praia,CV,14.9215,-23.5087,79.34,83,20,8.05,few clouds,2021-10-05 05:47:17
118,Los Llanos De Aridane,ES,28.6585,-17.9182,67.75,77,90,13.8,overcast clouds,2021-10-05 05:47:18
119,Simoes,BR,-7.5989,-40.8178,73.99,50,51,9.62,broken clouds,2021-10-05 05:47:18
120,Naryan-Mar,RU,67.6713,53.087,43.92,76,100,19.44,overcast clouds,2021-10-05 05:47:19
121,Samarai,PG,-10.6167,150.6667,81.46,76,91,9.22,overcast clouds,2021-10-05 05:47:19
122,Calamar,CO,10.2511,-74.9146,80.55,93,95,5.57,overcast clouds,2021-10-05 05:47:19
123,Fort Nelson,CA,58.8053,-122.7002,36.99,60,75,4.61,broken clouds,2021-10-05 05:47:20
124,Mareeba,AU,-17.0,145.4333,93.43,34,54,11.65,broken clouds,2021-10-05 05:47:20
125,Obera,AR,-27.4871,-55.1199,46.69,91,0,2.98,clear sky,2021-10-05 05:47:20
126,Vaini,TO,-21.2,-175.2,75.36,94,90,6.91,moderate rain,2021-10-05 05:47:21
127,Padang,ID,-0.9492,100.3543,87.85,66,99,6.24,overcast clouds,2021-10-05 05:47:21
128,Dillon,US,34.4166,-79.3712,71.94,94,95,5.3,overcast clouds,2021-10-05 05:45:19
129,Tembisa,ZA,-25.9964,28.2268,58.42,93,21,10.36,few clouds,2021-10-05 05:47:22
130,Upernavik,GL,72.7868,-56.1549,29.39,60,100,5.75,overcast clouds,2021-10-05 05:47:22
131,Arraial Do Cabo,BR,-22.9661,-42.0278,70.47,96,100,10.47,overcast clouds,2021-10-05 05:47:22
132,Kodiak,US,57.79,-152.4072,40.06,73,99,5.5,overcast clouds,2021-10-05 05:47:23
133,Komsomolskiy,UZ,40.4272,71.7189,61.52,41,88,2.3,overcast clouds,2021-10-05 05:47:23
134,Bilibino,RU,68.0546,166.4372,20.55,96,100,3.49,overcast clouds,2021-10-05 05:47:24
135,Sabang,ID,5.8933,95.3214,82.67,70,86,17.65,overcast clouds,2021-10-05 05:47:24
136,Plavsk,RU,53.7094,37.2919,45.18,84,100,5.5,overcast clouds,2021-10-05 05:47:24
137,Qaanaaq,GL,77.484,-69.3632,26.91,95,100,9.53,light snow,2021-10-05 05:47:25
138,Lebu,CL,-37.6167,-73.65,48.51,83,100,18.37,overcast clouds,2021-10-05 05:47:25
139,Khatanga,RU,71.9667,102.5,31.68,98,100,13.89,light snow,2021-10-05 05:47:25
140,Waycross,US,31.2136,-82.354,72.32,97,1,0.0,clear sky,2021-10-05 05:47:26
141,Faya,SA,18.3851,42.4509,69.91,30,43,6.6,scattered clouds,2021-10-05 05:47:26
142,Hasaki,JP,35.7333,140.8333,82.8,71,43,18.9,scattered clouds,2021-10-05 05:47:26
143,Laguna,US,38.421,-121.4238,76.82,42,1,0.0,clear sky,2021-10-05 05:47:27
144,Gat,IL,31.61,34.7642,75.9,59,10,4.16,clear sky,2021-10-05 05:47:27
145,Pevek,RU,69.7008,170.3133,28.83,94,100,18.72,light snow,2021-10-05 05:47:28
146,Sao Filipe,CV,14.8961,-24.4956,79.11,80,8,8.5,clear sky,2021-10-05 05:47:28
147,San Felipe,VE,10.3399,-68.7425,72.81,98,72,1.07,broken clouds,2021-10-05 05:47:28
148,Presidencia Roque Saenz Pena,AR,-26.7852,-60.4388,53.58,55,0,5.93,clear sky,2021-10-05 05:47:29
149,Emerald,AU,-23.5333,148.1667,91.54,13,1,12.66,clear sky,2021-10-05 05:47:29
150,Fortuna,US,40.5982,-124.1573,53.42,75,90,6.91,overcast clouds,2021-10-05 05:47:30
151,Saint George,US,37.1041,-113.5841,72.95,32,1,1.99,clear sky,2021-10-05 05:45:33
152,Leningradskiy,RU,69.3833,178.4167,25.0,95,100,1.21,overcast clouds,2021-10-05 05:47:30
153,Pamplona,ES,42.8169,-1.6432,58.96,87,75,0.0,broken clouds,2021-10-05 05:47:31
154,San Quintin,MX,30.4833,-115.95,69.3,80,55,7.54,broken clouds,2021-10-05 05:47:31
155,Namatanai,PG,-3.6667,152.4333,82.54,75,98,6.49,light rain,2021-10-05 05:47:31
156,Tyup,KG,42.7276,78.3648,49.32,53,96,4.29,overcast clouds,2021-10-05 05:47:32
157,Coquimbo,CL,-29.9533,-71.3436,51.53,87,0,5.75,clear sky,2021-10-05 05:47:32
158,Port-Gentil,GA,-0.7193,8.7815,76.96,94,90,5.75,overcast clouds,2021-10-05 05:47:32
159,Mandera,KE,3.9366,41.867,83.05,56,79,12.17,broken clouds,2021-10-05 05:47:33
160,Forbes,AU,-33.3833,148.0167,64.92,38,5,15.21,clear sky,2021-10-05 05:47:33
161,Ponta Do Sol,PT,32.6667,-17.1,70.43,69,84,6.26,broken clouds,2021-10-05 05:47:34
162,Berlevag,NO,70.8578,29.0864,53.55,66,75,24.16,broken clouds,2021-10-05 05:47:34
163,Provideniya,RU,64.3833,-173.3,39.31,87,90,11.18,light rain,2021-10-05 05:47:35
164,Anadyr,RU,64.75,177.4833,34.3,93,75,17.0,light snow,2021-10-05 05:47:35
165,Vangaindrano,MG,-23.35,47.6,74.71,72,39,3.71,light rain,2021-10-05 05:47:35
166,Kurkino,RU,53.4257,38.6582,44.38,87,100,8.21,overcast clouds,2021-10-05 05:47:36
167,Trujillo,PE,-8.116,-79.03,61.39,90,76,6.11,broken clouds,2021-10-05 05:47:36
168,Wilmington,US,34.2257,-77.9447,78.85,95,1,0.0,mist,2021-10-05 05:45:46
169,Santa Cruz,BO,-17.8,-63.1667,62.06,51,40,10.36,scattered clouds,2021-10-05 05:45:04
170,Najran,SA,17.4924,44.1277,81.25,18,60,6.02,broken clouds,2021-10-05 05:47:37
171,Lorengau,PG,-2.0226,147.2712,83.66,67,100,7.52,overcast clouds,2021-10-05 05:47:37
172,Iskateley,RU,67.6803,53.1512,43.84,76,100,19.3,overcast clouds,2021-10-05 05:47:37
173,Port Elizabeth,ZA,-33.918,25.5701,55.69,94,0,0.0,clear sky,2021-10-05 05:47:38
174,Guerrero Negro,MX,27.9769,-114.0611,71.51,82,12,14.45,few clouds,2021-10-05 05:47:38
175,Isangel,VU,-19.55,169.2667,80.71,89,75,0.0,broken clouds,2021-10-05 05:47:38
176,Mayya,RU,61.7333,130.2811,34.92,71,91,7.9,overcast clouds,2021-10-05 05:47:39
177,Goderich,CA,43.7501,-81.7165,61.92,88,94,5.75,overcast clouds,2021-10-05 05:44:49
178,Balkanabat,TM,39.5108,54.3671,68.07,23,4,10.8,clear sky,2021-10-05 05:47:39
179,Kaeo,NZ,-35.1,173.7833,63.73,80,14,6.73,few clouds,2021-10-05 05:47:40
180,Palana,RU,59.1167,159.9667,33.84,87,100,10.54,light rain,2021-10-05 05:47:40
181,Makakilo City,US,21.3469,-158.0858,77.32,67,20,9.22,few clouds,2021-10-05 05:47:40
182,Adre,TD,13.4667,22.2,76.64,32,45,12.91,scattered clouds,2021-10-05 05:47:41
183,Mumbwa,ZM,-14.9783,27.0619,75.87,52,25,9.93,scattered clouds,2021-10-05 05:47:41
184,Ossora,RU,59.2353,163.0719,38.23,67,96,16.33,overcast clouds,2021-10-05 05:47:42
185,Lugo,ES,43.0,-7.5,61.77,99,100,3.8,overcast clouds,2021-10-05 05:47:42
186,Trincomalee,LK,8.5711,81.2335,84.76,72,99,9.75,overcast clouds,2021-10-05 05:47:42
187,Pandan,PH,14.0453,124.1694,81.54,82,100,6.71,overcast clouds,2021-10-05 05:47:43
188,Camacha,PT,33.0833,-16.3333,66.96,64,40,6.91,scattered clouds,2021-10-05 05:47:43
189,Kamenka,RU,51.3223,42.7678,48.07,54,98,13.69,overcast clouds,2021-10-05 05:47:44
190,Dire,ML,12.2833,-10.9667,72.09,85,100,3.0,overcast clouds,2021-10-05 05:47:44
191,Biak,ID,-0.9131,122.8766,82.83,66,100,5.08,overcast clouds,2021-10-05 05:47:44
192,Baykit,RU,61.67,96.37,35.2,70,97,5.28,overcast clouds,2021-10-05 05:47:45
193,Whitehorse,CA,60.7161,-135.0538,34.57,90,90,0.0,overcast clouds,2021-10-05 05:47:45
194,Orlik,RU,52.5178,99.825,36.61,46,82,2.44,broken clouds,2021-10-05 05:47:45
195,Magan,ES,39.9683,-3.931,60.28,51,74,6.46,broken clouds,2021-10-05 05:47:46
196,Ruteng,ID,-8.6136,120.4721,73.65,63,64,0.47,broken clouds,2021-10-05 05:47:46
197,Roma,US,43.2128,-75.4557,61.72,95,90,6.91,light rain,2021-10-05 05:47:47
198,Itoman,JP,26.1247,127.6694,88.57,68,40,16.11,scattered clouds,2021-10-05 05:47:47
199,Auki,SB,-8.7676,160.7034,83.55,68,95,1.45,overcast clouds,2021-10-05 05:47:47
200,Ancud,CL,-41.8697,-73.8203,45.93,90,93,10.0,overcast clouds,2021-10-05 05:47:48
201,Sawtell,AU,-30.3833,153.1,84.52,39,0,8.01,clear sky,2021-10-05 05:47:48
202,Iqaluit,CA,63.7506,-68.5145,35.33,74,75,8.99,broken clouds,2021-10-05 05:47:48
203,Palaikastron,GR,35.2,26.25,68.76,63,0,29.3,clear sky,2021-10-05 05:47:49
204,Victoria,HK,22.2855,114.1577,93.25,63,25,1.01,scattered clouds,2021-10-05 05:45:04
205,Timizart,DZ,36.8,4.2667,60.01,67,31,4.05,scattered clouds,2021-10-05 05:47:49
206,Shingu,JP,33.7333,135.9833,79.79,66,4,6.11,clear sky,2021-10-05 05:47:50
207,Olafsvik,IS,64.8945,-23.7142,39.15,75,100,20.76,overcast clouds,2021-10-05 05:47:50
208,Kruisfontein,ZA,-34.0033,24.7314,55.51,73,0,6.58,clear sky,2021-10-05 05:47:50
209,Boende,CD,-0.2167,20.8667,71.53,98,100,4.32,overcast clouds,2021-10-05 05:47:51
210,Mayor Pablo Lagerenza,PY,-19.9309,-60.7718,58.89,43,94,4.36,overcast clouds,2021-10-05 05:47:51
211,Talnakh,RU,69.4865,88.3972,30.52,97,100,11.45,light snow,2021-10-05 05:47:51
212,Cayenne,GF,4.9333,-52.3333,82.09,80,40,5.01,scattered clouds,2021-10-05 05:47:52
213,La Libertad,EC,-2.2333,-80.9,68.94,84,97,11.7,overcast clouds,2021-10-05 05:47:52
214,Frutal,BR,-20.0247,-48.9406,74.8,77,86,7.65,overcast clouds,2021-10-05 05:47:52
215,Pitimbu,BR,-7.4706,-34.8086,73.99,80,54,7.83,broken clouds,2021-10-05 05:47:53
216,Huoqiu,CN,32.3394,116.2694,74.64,75,99,10.58,overcast clouds,2021-10-05 05:47:53
217,Skjervoy,NO,70.0311,20.9714,51.98,79,84,14.97,broken clouds,2021-10-05 05:47:54
218,Ippy,CF,6.2679,21.2247,69.57,95,84,3.24,broken clouds,2021-10-05 05:47:54
219,Ambon,ID,-3.6954,128.1814,86.14,74,20,6.91,few clouds,2021-10-05 05:47:55
220,Srivardhan,IN,18.0333,73.0167,85.53,67,99,6.42,overcast clouds,2021-10-05 05:47:55
221,Longyearbyen,SJ,78.2186,15.6401,39.04,70,75,24.16,light rain,2021-10-05 05:47:55
222,Vung Tau,VN,10.346,107.0843,79.54,83,100,6.64,overcast clouds,2021-10-05 05:47:53
223,Shelburne,CA,44.0787,-80.2041,57.24,100,97,5.73,overcast clouds,2021-10-05 05:47:56
224,Agnibilekrou,CI,7.1344,-3.2047,70.3,99,56,2.37,broken clouds,2021-10-05 05:47:56
225,Chicama,PE,-7.8447,-79.1469,63.07,83,89,5.59,overcast clouds,2021-10-05 05:47:56
226,Elizabeth City,US,36.2946,-76.2511,74.01,92,1,0.0,clear sky,2021-10-05 05:47:57
227,Akyab,MM,20.15,92.9,87.1,67,24,4.83,few clouds,2021-10-05 05:47:57
228,Aviles,ES,43.5547,-5.9248,67.37,89,75,14.0,broken clouds,2021-10-05 05:46:39
229,Itamarandiba,BR,-17.8572,-42.8589,67.23,48,1,1.03,clear sky,2021-10-05 05:47:58
230,Nioki,CD,-2.7167,17.6833,74.7,88,93,1.74,overcast clouds,2021-10-05 05:47:58
231,Tual,ID,-5.6667,132.75,82.09,69,20,8.61,few clouds,2021-10-05 05:47:58
232,Karratha,AU,-20.7377,116.8463,83.82,31,0,16.53,clear sky,2021-10-05 05:47:59
233,Ivanteyevka,RU,55.9711,37.9208,43.48,80,87,7.16,overcast clouds,2021-10-05 05:47:59
234,Bambous Virieux,MU,-20.3428,57.7575,77.22,83,75,3.44,broken clouds,2021-10-05 05:47:59
235,Korla,CN,41.7597,86.1469,60.48,37,1,14.76,clear sky,2021-10-05 05:48:00
236,Guanica,PR,17.9716,-66.908,81.05,73,80,3.0,broken clouds,2021-10-05 05:48:00
237,Nanortalik,GL,60.1432,-45.2371,37.72,82,2,8.55,clear sky,2021-10-05 05:48:00
238,Playas,EC,-2.6333,-80.3833,69.89,84,90,12.03,overcast clouds,2021-10-05 05:48:01
239,Chokurdakh,RU,70.6333,147.9167,24.58,95,100,12.19,overcast clouds,2021-10-05 05:48:01
240,Tezu,IN,27.9167,96.1667,80.01,76,97,1.23,overcast clouds,2021-10-05 05:48:02
241,Kirakira,SB,-10.4544,161.9205,82.54,76,69,5.55,broken clouds,2021-10-05 05:48:02
242,Namtsy,RU,62.7161,129.6658,35.71,70,86,8.97,overcast clouds,2021-10-05 05:48:02
243,Faanui,PF,-16.4833,-151.75,79.18,70,13,19.69,few clouds,2021-10-05 05:48:03
244,Georgetown,MY,5.4112,100.3354,84.13,83,20,7.0,few clouds,2021-10-05 05:44:37
245,Mar Del Plata,AR,-38.0023,-57.5575,51.13,72,0,1.01,clear sky,2021-10-05 05:43:33
246,Tadine,NC,-21.55,167.8833,75.13,88,72,5.7,broken clouds,2021-10-05 05:48:03
247,Klaksvik,FO,62.2266,-6.589,45.52,87,100,31.21,overcast clouds,2021-10-05 05:48:04
248,Virginia Beach,US,36.8529,-75.978,74.01,89,40,6.91,scattered clouds,2021-10-05 05:43:49
249,Kidal,ML,18.4411,1.4078,85.71,16,89,6.85,overcast clouds,2021-10-05 05:48:04
250,Labrea,BR,-7.2586,-64.7981,73.38,94,85,2.06,heavy intensity rain,2021-10-05 05:48:05
251,Lavrentiya,RU,65.5833,-171.0,36.28,98,100,22.57,moderate rain,2021-10-05 05:48:05
252,Aksu,CN,41.1231,80.2644,57.51,41,12,3.27,few clouds,2021-10-05 05:48:05
253,Bantou,CN,26.2151,117.4893,90.39,34,5,6.89,clear sky,2021-10-05 05:48:06
254,Razdolinsk,RU,58.4211,94.6658,41.23,46,20,2.59,few clouds,2021-10-05 05:48:06
255,Banjar,ID,-8.19,114.9675,80.46,75,78,3.78,broken clouds,2021-10-05 05:48:07
256,Isla Mujeres,MX,21.2311,-86.731,75.16,79,10,9.1,clear sky,2021-10-05 05:48:07
257,Alice Springs,AU,-23.7,133.8833,90.95,12,3,10.36,clear sky,2021-10-05 05:45:44
258,Asau,RO,46.4333,26.4,44.76,73,21,1.95,few clouds,2021-10-05 05:48:07
259,Cumberland,US,35.0502,-78.8664,71.49,94,1,0.0,clear sky,2021-10-05 05:48:08
260,Esperance,AU,-33.8667,121.9,60.64,55,94,16.11,overcast clouds,2021-10-05 05:48:08
261,Sai Buri,TH,6.7013,101.6168,80.31,87,100,10.13,light rain,2021-10-05 05:48:08
262,Waipawa,NZ,-41.4122,175.5153,57.45,94,93,3.6,overcast clouds,2021-10-05 05:48:09
263,Bronnoysund,NO,65.4625,12.1997,55.51,66,40,12.66,scattered clouds,2021-10-05 05:48:09
264,Maralal,KE,1.0968,36.698,68.22,48,87,3.58,overcast clouds,2021-10-05 05:48:10
265,Taree,AU,-31.9,152.4667,75.13,20,40,13.8,scattered clouds,2021-10-05 05:48:10
266,Sedalia,US,38.7045,-93.2283,62.51,75,1,0.0,clear sky,2021-10-05 05:48:10
267,Loukhi,RU,66.0764,33.0381,44.94,84,51,13.82,broken clouds,2021-10-05 05:48:11
268,Mehamn,NO,71.0357,27.8492,53.78,82,99,24.4,overcast clouds,2021-10-05 05:48:11
269,Bubaque,GW,11.2833,-15.8333,82.92,79,73,8.95,broken clouds,2021-10-05 05:48:11
270,Huilong,CN,31.8111,121.655,88.99,62,0,11.7,clear sky,2021-10-05 05:44:28
271,Kiama,AU,-34.6833,150.8667,68.0,41,4,15.99,clear sky,2021-10-05 05:48:12
272,Trairi,BR,-3.2778,-39.2689,79.0,72,89,11.39,overcast clouds,2021-10-05 05:47:36
273,Newport,GB,51.5877,-2.9984,51.85,90,30,17.45,scattered clouds,2021-10-05 05:45:39
274,Qinhuangdao,CN,39.9317,119.5883,61.38,54,100,9.73,overcast clouds,2021-10-05 05:48:12
275,Honiara,SB,-9.4333,159.95,82.08,81,100,2.42,overcast clouds,2021-10-05 05:48:13
276,Sulangan,PH,11.1373,123.7228,82.83,73,100,4.83,light rain,2021-10-05 05:48:13
277,Nanzhang,CN,31.7765,111.8386,60.6,84,100,9.84,overcast clouds,2021-10-05 05:48:14
278,Knysna,ZA,-34.0363,23.0471,52.18,59,1,4.16,clear sky,2021-10-05 05:48:14
279,Tucumcari,US,35.1717,-103.725,62.44,48,1,0.0,clear sky,2021-10-05 05:48:14
280,Cidreira,BR,-30.1811,-50.2056,54.36,70,16,3.87,few clouds,2021-10-05 05:48:15
281,Charters Towers,AU,-20.1,146.2667,96.94,14,58,9.44,broken clouds,2021-10-05 05:48:15
282,Rocha,UY,-34.4833,-54.3333,43.97,80,0,5.97,clear sky,2021-10-05 05:48:16
283,Caetite,BR,-14.0694,-42.475,64.24,67,6,5.21,clear sky,2021-10-05 05:48:16
284,Matara,LK,5.9485,80.5353,84.16,70,83,11.21,broken clouds,2021-10-05 05:48:17
285,Cradock,ZA,-32.1642,25.6192,51.55,65,3,3.69,clear sky,2021-10-05 05:48:17
286,Baruun-Urt,MN,46.6806,113.2792,50.05,30,0,5.95,clear sky,2021-10-05 05:48:17
287,Nemuro,JP,43.3236,145.575,55.83,61,100,8.43,light rain,2021-10-05 05:48:18
288,Murgab,TM,37.4966,61.9714,60.67,36,0,6.91,clear sky,2021-10-05 05:48:18
289,Srednekolymsk,RU,67.45,153.6833,23.94,82,88,7.36,overcast clouds,2021-10-05 05:48:19
290,Pemangkat,ID,1.1667,108.9667,84.99,67,51,12.08,broken clouds,2021-10-05 05:48:19
291,Hami,CN,42.8,93.45,64.38,15,87,5.95,overcast clouds,2021-10-05 05:48:19
292,Bengkulu,ID,-3.8004,102.2655,80.53,82,100,6.11,overcast clouds,2021-10-05 05:48:20
293,Gongzhuling,CN,43.5008,124.8198,62.11,42,72,10.07,broken clouds,2021-10-05 05:48:20
294,Barkot,IN,30.8167,78.2,80.15,48,0,4.25,clear sky,2021-10-05 05:48:20
295,Yanam,IN,16.7333,82.2167,90.0,58,73,8.16,broken clouds,2021-10-05 05:48:21
296,Puli,TW,23.9664,120.9695,92.21,40,0,5.01,clear sky,2021-10-05 05:48:21
297,Dingle,PH,10.9995,122.6711,83.14,81,73,14.43,moderate rain,2021-10-05 05:48:22
298,Fegyvernek,HU,47.2667,20.5333,50.02,52,0,6.53,clear sky,2021-10-05 05:48:22
299,Jurado,CO,7.1053,-77.7641,76.84,92,99,2.06,moderate rain,2021-10-05 05:48:22
300,El Campo,US,29.1966,-96.2697,73.85,63,14,4.05,few clouds,2021-10-05 05:48:23
301,Baherden,TM,38.4362,57.4316,67.03,19,51,7.58,broken clouds,2021-10-05 05:48:23
302,Beberibe,BR,-4.1797,-38.1306,83.16,76,96,12.19,overcast clouds,2021-10-05 05:48:23
303,Dikson,RU,73.5069,80.5464,35.42,99,100,19.15,light rain,2021-10-05 05:48:24
304,Utraula,IN,27.3167,82.4167,87.19,67,6,5.59,clear sky,2021-10-05 05:48:24
305,Boffa,GN,10.1667,-14.0333,72.5,91,99,1.61,overcast clouds,2021-10-05 05:48:25
306,Nikolskoye,RU,59.7035,30.7861,47.88,83,21,12.26,few clouds,2021-10-05 05:48:25
307,Belyy Yar,RU,53.6039,91.3903,46.29,49,0,4.47,clear sky,2021-10-05 05:48:25
308,Moerai,PF,-22.4333,-151.3333,73.89,71,100,21.56,overcast clouds,2021-10-05 05:48:26
309,Sosnogorsk,RU,63.6023,53.8817,39.67,80,99,6.89,overcast clouds,2021-10-05 05:48:26
310,Baft,IR,29.234,56.6057,71.73,22,1,2.42,clear sky,2021-10-05 05:48:27
311,Henties Bay,NA,-22.116,14.2845,53.85,85,0,1.86,clear sky,2021-10-05 05:48:27
312,Kupang,ID,-10.1667,123.5833,83.93,63,41,12.46,scattered clouds,2021-10-05 05:48:27
313,Mayo,US,38.8876,-76.5119,72.21,92,40,0.0,scattered clouds,2021-10-05 05:48:28
314,Havre-Saint-Pierre,CA,50.2334,-63.5986,48.2,81,1,6.91,clear sky,2021-10-05 05:48:28
315,Belmonte,BR,-15.8631,-38.8828,72.1,90,19,8.16,few clouds,2021-10-05 05:48:28
316,Gizo,SB,-8.103,156.8419,84.34,70,71,4.68,light rain,2021-10-05 05:48:29
317,Santa Clara,CU,22.4,-79.9667,74.17,94,0,2.3,clear sky,2021-10-05 05:48:29
318,Ilulissat,GL,69.2167,-51.1,28.42,64,15,4.61,few clouds,2021-10-05 05:48:29
319,Broome,US,42.2506,-75.833,64.83,81,90,1.01,fog,2021-10-05 05:48:30
320,Balakhninskiy,RU,58.0106,114.2769,38.73,67,100,2.53,overcast clouds,2021-10-05 05:48:30
321,Sioux Lookout,CA,50.1001,-91.917,57.58,94,1,5.75,clear sky,2021-10-05 05:48:30
322,Fairlie,GB,55.756,-4.8556,48.0,93,98,7.4,overcast clouds,2021-10-05 05:48:31
323,San-Pedro,CI,4.7485,-6.6363,75.99,91,10,4.74,light rain,2021-10-05 05:48:31
324,Nelson Bay,AU,-32.7167,152.15,73.99,29,41,17.63,scattered clouds,2021-10-05 05:48:32
325,Souillac,MU,-20.5167,57.5167,77.36,83,75,3.44,broken clouds,2021-10-05 05:48:32
326,Conde,BR,-7.2597,-34.9075,72.86,94,20,4.61,few clouds,2021-10-05 05:48:33
327,Morros,BR,-9.4467,-46.3003,83.08,35,96,2.59,overcast clouds,2021-10-05 05:48:33
328,Sokolo,ML,14.7328,-6.1219,81.79,36,65,7.23,broken clouds,2021-10-05 05:48:34
329,Takoradi,GH,4.8845,-1.7554,76.15,91,10,1.79,clear sky,2021-10-05 05:48:34
330,Cascais,PT,38.6979,-9.4215,62.98,75,83,8.99,broken clouds,2021-10-05 05:48:35
331,Gao,ML,16.6362,1.637,88.52,32,59,5.48,broken clouds,2021-10-05 05:48:35
332,Ostrovnoy,RU,68.0531,39.5131,45.59,84,7,30.58,clear sky,2021-10-05 05:48:36
333,Tilichiki,RU,60.4667,166.1,33.89,75,77,23.22,broken clouds,2021-10-05 05:48:36
334,Mandalgovi,MN,45.7625,106.2708,46.94,29,65,16.4,broken clouds,2021-10-05 05:48:37
335,Nuuk,GL,64.1835,-51.7216,36.21,69,10,2.3,clear sky,2021-10-05 05:48:37
336,Tumarbong,PH,10.3766,119.4579,82.06,80,99,12.06,moderate rain,2021-10-05 05:48:38
337,Farafangana,MG,-22.8167,47.8333,76.93,63,12,1.14,few clouds,2021-10-05 05:48:38
338,Snasa,NO,64.2457,12.3778,49.41,86,52,4.79,light rain,2021-10-05 05:48:38
339,Wanning,CN,18.8003,110.3967,81.91,87,100,13.18,moderate rain,2021-10-05 05:48:39
340,Wuan,CN,31.6836,112.0044,61.34,78,100,15.68,overcast clouds,2021-10-05 05:48:39
341,Dunedin,NZ,-45.8742,170.5036,55.8,90,94,20.0,light rain,2021-10-05 05:48:40
342,Haileybury,CA,47.449,-79.6373,50.58,83,0,1.48,clear sky,2021-10-05 05:48:40
343,Sobolevo,RU,54.4299,31.8996,41.58,81,0,10.25,clear sky,2021-10-05 05:48:40
344,Mayumba,GA,-3.432,10.6554,76.24,86,100,4.56,overcast clouds,2021-10-05 05:48:41
345,Bandarbeyla,SO,9.4942,50.8122,84.85,65,11,19.89,few clouds,2021-10-05 05:48:41
346,Nara,JP,34.6851,135.8049,85.91,47,33,6.87,scattered clouds,2021-10-05 05:48:41
347,Buraydah,SA,26.326,43.975,81.05,15,4,3.11,clear sky,2021-10-05 05:48:42
348,Freeport,US,40.6576,-73.5832,64.36,83,90,1.01,overcast clouds,2021-10-05 05:45:29
349,Shestakovo,RU,56.4915,103.96,45.91,40,76,3.2,broken clouds,2021-10-05 05:48:42
350,Mbala,ZM,-8.8402,31.3659,72.36,48,31,7.99,scattered clouds,2021-10-05 05:48:43
351,Manicore,BR,-5.8092,-61.3003,75.92,85,100,1.05,overcast clouds,2021-10-05 05:48:43
352,Igunga,TZ,-4.2833,33.8833,79.59,37,100,3.06,overcast clouds,2021-10-05 05:48:44
353,Wawa,NG,9.9022,4.4192,75.16,83,13,3.6,few clouds,2021-10-05 05:48:44
354,Vao,NC,-22.6667,167.4833,71.94,92,17,10.0,few clouds,2021-10-05 05:48:44
355,Nampa,US,43.5407,-116.5635,68.04,55,1,0.0,clear sky,2021-10-05 05:48:45
356,Odweyne,SO,9.4092,45.064,81.07,50,20,15.61,few clouds,2021-10-05 05:48:45
357,Am Timan,TD,11.0297,20.2827,76.68,78,44,1.41,scattered clouds,2021-10-05 05:48:46
358,Broken Hill,AU,-31.95,141.4333,69.51,21,0,4.61,clear sky,2021-10-05 05:48:46
359,Necochea,AR,-38.5473,-58.7368,45.27,70,42,8.41,scattered clouds,2021-10-05 05:48:46
360,La Ronge,CA,55.1001,-105.2842,32.25,80,1,1.14,clear sky,2021-10-05 05:48:47
361,Kapit,MY,2.0167,112.9333,83.66,81,97,3.22,overcast clouds,2021-10-05 05:48:47
362,Palmer,US,42.1584,-72.3287,56.14,84,90,1.01,overcast clouds,2021-10-05 05:48:47
363,Maceio,BR,-9.6658,-35.7353,71.04,100,20,4.61,few clouds,2021-10-05 05:46:07
364,Ugoofaaru,MV,5.6667,73.0,81.52,80,100,23.29,overcast clouds,2021-10-05 05:48:48
365,Luau,AO,-10.7073,22.2247,69.82,77,100,2.04,overcast clouds,2021-10-05 05:48:48
366,Maua,BR,-23.6678,-46.4614,64.36,73,100,5.75,overcast clouds,2021-10-05 05:48:49
367,Luba,GQ,3.4568,8.5547,79.2,84,93,3.04,light rain,2021-10-05 05:48:49
368,Lamar,US,33.6668,-95.5836,64.06,64,1,8.05,clear sky,2021-10-05 05:48:49
369,Yar-Sale,RU,66.8333,70.8333,40.24,87,100,10.74,overcast clouds,2021-10-05 05:48:50
370,Ramsar,IR,36.9226,50.6426,63.84,82,90,13.8,overcast clouds,2021-10-05 05:48:50
371,Dickinson,US,29.4608,-95.0513,77.99,82,20,0.0,few clouds,2021-10-05 05:48:50
372,Maniitsoq,GL,65.4167,-52.9,37.11,70,22,7.45,few clouds,2021-10-05 05:48:51
373,Kargasok,RU,59.0556,80.8572,37.99,63,17,5.32,few clouds,2021-10-05 05:48:51
374,Martil,MA,35.6166,-5.2752,64.47,87,0,6.91,clear sky,2021-10-05 05:48:52
375,Rio De Janeiro,BR,-22.9028,-43.2075,74.91,83,90,8.05,overcast clouds,2021-10-05 05:46:03
376,Simplicio Mendes,BR,-7.8539,-41.9103,75.0,40,84,5.39,broken clouds,2021-10-05 05:48:52
377,Inuvik,CA,68.3499,-133.7218,27.61,93,20,6.91,few clouds,2021-10-05 05:48:53
378,Kaitangata,NZ,-46.2817,169.8464,53.24,87,41,14.09,scattered clouds,2021-10-05 05:48:53
379,Bouna,CI,9.2667,-3.0,72.05,92,36,3.33,scattered clouds,2021-10-05 05:48:53
380,Grand Baie,MU,-20.0182,57.5802,77.45,68,5,1.99,clear sky,2021-10-05 05:48:54
381,Araguaina,BR,-7.1911,-48.2072,76.32,65,75,1.99,broken clouds,2021-10-05 05:48:54
382,Huarmey,PE,-10.0681,-78.1522,63.66,83,99,8.84,overcast clouds,2021-10-05 05:48:54
383,Cururupu,BR,-1.8283,-44.8683,75.4,86,42,4.9,scattered clouds,2021-10-05 05:48:55
384,Kuusamo,FI,65.9667,29.1833,46.44,87,90,14.97,light intensity shower rain,2021-10-05 05:48:55
385,Neiafu,TO,-18.65,-173.9833,75.88,94,90,6.91,moderate rain,2021-10-05 05:48:55
386,Ixtapa,MX,20.7,-105.2,77.38,91,90,2.24,overcast clouds,2021-10-05 05:48:56
387,Huntsville,US,34.7304,-86.5861,70.2,95,90,8.99,overcast clouds,2021-10-05 05:48:56
388,Pochutla,MX,15.7432,-96.4661,75.81,83,79,4.0,broken clouds,2021-10-05 05:48:57
389,Khorixas,NA,-20.3667,14.9667,66.0,17,0,0.49,clear sky,2021-10-05 05:48:57
390,Elliot Lake,CA,46.3834,-82.6331,53.69,87,0,3.96,clear sky,2021-10-05 05:48:57
391,Luorong,CN,24.4058,109.6086,94.12,41,1,0.96,clear sky,2021-10-05 05:48:58
392,Genc,TR,38.7507,40.5603,52.16,58,0,2.3,clear sky,2021-10-05 05:48:58
393,Moroni,KM,-11.7022,43.2551,82.4,61,20,5.75,few clouds,2021-10-05 05:48:58
394,Mozarlandia,BR,-14.7447,-50.5706,80.42,58,49,3.49,scattered clouds,2021-10-05 05:48:59
395,Francisco Beltrao,BR,-26.0811,-53.055,53.67,95,12,4.92,few clouds,2021-10-05 05:48:59
396,Aktau,KZ,43.65,51.2,50.58,57,100,17.9,overcast clouds,2021-10-05 05:49:00
397,Kiunga,PG,-6.1219,141.2906,88.83,58,65,1.57,light rain,2021-10-05 05:49:00
398,Puerto Escondido,MX,15.85,-97.0667,78.96,86,50,4.52,scattered clouds,2021-10-05 05:49:00
399,Carbonear,CA,47.7332,-53.2148,46.11,80,96,19.95,overcast clouds,2021-10-05 05:45:33
400,Sembe,CG,1.6481,14.5806,70.88,97,99,2.15,overcast clouds,2021-10-05 05:49:01
401,Karla,EE,59.3723,24.9275,51.57,78,0,8.05,clear sky,2021-10-05 05:49:01
402,Saldanha,ZA,-33.0117,17.9442,55.45,53,0,9.06,clear sky,2021-10-05 05:49:02
403,Sitka,US,57.0531,-135.33,39.09,81,20,0.0,few clouds,2021-10-05 05:49:02
404,Ankang,CN,32.68,109.0172,66.27,85,100,3.56,overcast clouds,2021-10-05 05:49:02
405,Saint-Augustin,CA,51.226,-58.6502,38.43,78,6,7.4,clear sky,2021-10-05 05:49:03
406,Skibbereen,IE,51.55,-9.2667,46.2,83,0,15.73,clear sky,2021-10-05 05:49:03
407,Lydenburg,ZA,-25.0978,30.4597,63.39,67,51,2.95,broken clouds,2021-10-05 05:49:04
408,Yangjiang,CN,21.85,111.9667,90.95,66,24,12.1,few clouds,2021-10-05 05:49:04
409,Stornoway,GB,58.2093,-6.3865,50.94,93,40,2.3,scattered clouds,2021-10-05 05:49:04
410,Bowen,AU,-20.0167,148.2333,86.22,83,66,8.28,broken clouds,2021-10-05 05:49:05
411,Yuli,NG,9.6989,10.2744,77.94,82,77,1.39,broken clouds,2021-10-05 05:49:05
412,Rosetta,EG,31.4044,30.4164,73.45,62,0,11.79,clear sky,2021-10-05 05:49:06
413,Port Augusta,AU,-32.5,137.7667,75.7,17,0,9.06,clear sky,2021-10-05 05:47:31
414,Mata,PT,40.683,-7.4592,59.94,94,85,5.03,overcast clouds,2021-10-05 05:49:06
415,La Palma,US,33.8464,-118.0467,78.35,83,40,1.01,light rain,2021-10-05 05:49:06
416,Northam,GB,51.0333,-4.2167,53.65,91,47,25.59,light rain,2021-10-05 05:49:07
417,Birjand,IR,32.8663,59.2211,72.07,10,0,6.91,clear sky,2021-10-05 05:49:07
418,Beira,MZ,-19.8436,34.8389,73.49,94,90,5.99,light rain,2021-10-05 05:49:08
419,Matay,EG,28.419,30.7792,70.95,65,0,17.25,clear sky,2021-10-05 05:49:08
420,Shenjiamen,CN,29.9576,122.298,79.18,73,0,9.8,clear sky,2021-10-05 05:49:08
421,Nhulunbuy,AU,-12.2333,136.7667,92.01,43,20,9.22,few clouds,2021-10-05 05:49:09
422,Chingirlau,KZ,51.095,54.0814,41.18,40,0,13.33,clear sky,2021-10-05 05:49:09
423,Laje,BR,-10.1833,-40.9667,67.59,68,5,3.51,clear sky,2021-10-05 05:49:09
424,The Valley,AI,18.217,-63.0578,84.06,69,9,24.65,clear sky,2021-10-05 05:49:10
425,Lauterbach,DE,50.6333,9.4,52.12,96,100,2.1,moderate rain,2021-10-05 05:49:10
426,Lasa,IT,46.6166,10.7002,56.28,97,100,4.92,light rain,2021-10-05 05:49:11
427,Hit,IQ,33.6416,42.8251,79.56,22,0,2.66,clear sky,2021-10-05 05:49:11
428,Luderitz,NA,-26.6481,15.1594,57.74,70,0,2.37,clear sky,2021-10-05 05:49:11
429,Puerto Plata,DO,19.7934,-70.6884,78.15,84,99,7.23,overcast clouds,2021-10-05 05:49:12
430,Palmeira,BR,-25.4294,-50.0064,54.75,98,99,6.15,overcast clouds,2021-10-05 05:49:12
431,Nantucket,US,41.2835,-70.0995,61.14,93,100,21.03,overcast clouds,2021-10-05 05:49:13
432,East Islip,US,40.732,-73.1857,63.0,83,90,3.0,overcast clouds,2021-10-05 05:49:13
433,Pak Phanang,TH,8.3511,100.202,90.07,80,100,10.36,heavy intensity rain,2021-10-05 05:49:13
434,Vredendal,ZA,-31.6683,18.5012,63.03,31,0,12.19,clear sky,2021-10-05 05:47:28
435,Khvoynaya,RU,58.9,34.5333,42.85,79,0,9.19,clear sky,2021-10-05 05:49:14
436,Lashio,MM,22.9333,97.75,84.63,55,38,3.53,scattered clouds,2021-10-05 05:49:14
437,Grindavik,IS,63.8424,-22.4338,39.67,87,75,18.41,broken clouds,2021-10-05 05:49:15
438,Maragogi,BR,-9.0122,-35.2225,73.31,82,52,2.53,broken clouds,2021-10-05 05:49:15
439,Poum,NC,-20.2333,164.0167,76.42,82,4,9.13,clear sky,2021-10-05 05:49:15
440,Tevaitoa,PF,-16.7833,-151.5,78.78,71,6,20.2,clear sky,2021-10-05 05:49:16
441,Senneterre,CA,48.3835,-77.2328,39.42,81,2,1.34,clear sky,2021-10-05 05:49:16
442,Constitucion,CL,-35.3333,-72.4167,49.37,68,8,6.11,clear sky,2021-10-05 05:46:12
443,Avera,US,33.194,-82.5271,71.47,93,99,4.61,overcast clouds,2021-10-05 05:49:17
444,Pedasi,PA,7.5333,-80.0333,78.06,81,58,5.28,broken clouds,2021-10-05 05:49:17
445,Moindou,NC,-21.6924,165.677,82.35,71,4,7.4,clear sky,2021-10-05 05:49:17
446,Sharjah,AE,25.3573,55.4033,95.25,48,0,9.22,clear sky,2021-10-05 05:49:18
447,Hambantota,LK,6.1241,81.1185,79.14,100,40,8.05,light intensity shower rain,2021-10-05 05:49:18
448,Tinogboc,PH,12.0074,121.4122,80.94,85,98,17.74,moderate rain,2021-10-05 05:49:19
449,Ascension,US,30.2169,-90.9001,73.4,95,1,3.44,clear sky,2021-10-05 05:49:19
450,Nazret,ET,8.55,39.2667,66.85,76,97,3.67,light rain,2021-10-05 05:49:19
451,Wabana,CA,47.6332,-52.9481,45.07,86,90,20.71,overcast clouds,2021-10-05 05:49:20
452,Tautira,PF,-17.7333,-149.15,78.82,74,26,19.06,scattered clouds,2021-10-05 05:49:20
453,Bedele,ET,8.456,36.353,60.94,92,91,2.68,light rain,2021-10-05 05:49:21
454,Quatre Cocos,MU,-20.2078,57.7625,77.09,73,6,6.46,clear sky,2021-10-05 05:49:21
455,Usinsk,RU,65.9939,57.5281,40.93,83,100,14.79,overcast clouds,2021-10-05 05:49:22
456,Popondetta,PG,-8.7537,148.2534,81.19,89,100,3.2,overcast clouds,2021-10-05 05:49:22
457,Matagami,CA,49.7502,-77.6328,39.31,100,1,3.44,clear sky,2021-10-05 05:47:34
458,Tanout,NE,14.9709,8.8879,81.64,21,0,10.85,clear sky,2021-10-05 05:49:22
459,Puquio,PE,-14.7,-74.1333,53.67,49,97,2.01,overcast clouds,2021-10-05 05:49:23
460,Pisticci,IT,40.3906,16.5568,69.13,92,4,2.48,clear sky,2021-10-05 05:49:23
461,Salalah,OM,17.0151,54.0924,82.49,83,75,5.75,broken clouds,2021-10-05 05:49:24
462,Muyezerskiy,RU,63.9333,31.65,44.62,84,38,14.5,scattered clouds,2021-10-05 05:49:24
463,Mumford,GH,5.2618,-0.759,76.53,90,20,2.66,light rain,2021-10-05 05:49:24
464,Elban,RU,50.1018,136.5094,50.36,50,32,4.94,scattered clouds,2021-10-05 05:49:25
465,Kununurra,AU,-15.7667,128.7333,105.78,12,8,8.05,clear sky,2021-10-05 05:49:25
466,Hirara,JP,24.8,125.2833,87.66,74,40,17.27,scattered clouds,2021-10-05 05:49:26
467,Marystown,CA,47.1666,-55.1483,46.85,100,81,1.99,broken clouds,2021-10-05 05:49:26
468,Khaga,IN,25.7833,81.1167,92.03,52,45,4.16,scattered clouds,2021-10-05 05:49:26
469,Richards Bay,ZA,-28.783,32.0377,64.44,79,100,4.61,overcast clouds,2021-10-05 05:49:27
470,Coihaique,CL,-45.5752,-72.0662,39.15,60,0,3.44,clear sky,2021-10-05 05:46:14
471,Turbat,PK,26.0023,63.044,90.54,11,32,9.24,scattered clouds,2021-10-05 05:49:27
472,Sinop,TR,41.7711,34.8709,52.23,91,91,3.13,light rain,2021-10-05 05:49:28
473,Rodrigues Alves,BR,-7.738,-72.6509,71.8,93,86,2.28,overcast clouds,2021-10-05 05:49:28
474,Vallenar,CL,-28.5708,-70.7581,57.54,58,0,2.01,clear sky,2021-10-05 05:45:13
475,Leshukonskoye,RU,64.8989,45.7622,43.0,79,7,9.6,clear sky,2021-10-05 05:49:29
476,Westport,US,41.1415,-73.3579,62.8,92,90,8.01,overcast clouds,2021-10-05 05:49:29
477,Te Anau,NZ,-45.4167,167.7167,57.13,87,93,2.48,overcast clouds,2021-10-05 05:49:29
478,Port Hardy,CA,50.6996,-127.4199,48.2,93,90,0.0,overcast clouds,2021-10-05 05:49:30
479,Xining,CN,36.6167,101.7667,49.24,70,99,2.13,overcast clouds,2021-10-05 05:49:30
480,Hede,CN,33.7681,120.2517,84.2,54,0,9.37,light rain,2021-10-05 05:49:30
481,Gardabani,GE,41.4605,45.0928,57.29,78,100,1.61,overcast clouds,2021-10-05 05:49:31
482,Waw,SS,7.7029,27.9953,76.82,82,100,4.61,overcast clouds,2021-10-05 05:49:31
483,Channel-Port Aux Basques,CA,47.5702,-59.1367,50.92,70,27,14.52,scattered clouds,2021-10-05 05:49:31
484,Maridi,SS,4.9158,29.4742,71.82,89,77,2.01,light rain,2021-10-05 05:49:32
485,Lebedinyy,RU,58.5167,125.5167,29.86,74,100,4.38,overcast clouds,2021-10-05 05:49:32
486,Yulara,AU,-25.2406,130.9889,91.24,9,0,9.22,clear sky,2021-10-05 05:49:33
487,El Reno,US,35.5323,-97.955,66.74,65,1,0.0,clear sky,2021-10-05 05:49:33
488,Gushikawa,JP,26.3544,127.8686,87.8,67,20,12.66,few clouds,2021-10-05 05:49:33
489,Beaupre,CA,47.0443,-70.8953,48.81,66,2,3.44,clear sky,2021-10-05 05:49:34
490,Cerqueira Cesar,BR,-23.0356,-49.1661,60.22,96,98,12.3,overcast clouds,2021-10-05 05:49:34
491,Mount Gambier,AU,-37.8333,140.7667,58.91,67,40,17.27,scattered clouds,2021-10-05 05:49:35
492,Saint-Joseph,RE,-21.3667,55.6167,75.58,73,20,4.85,few clouds,2021-10-05 05:49:35
493,Verkhoyansk,RU,67.5447,133.385,32.67,51,28,6.82,scattered clouds,2021-10-05 05:49:36
494,Emirdag,TR,39.0197,31.15,42.75,75,4,4.45,clear sky,2021-10-05 05:49:36
495,Ornskoldsvik,SE,63.2909,18.7153,49.82,100,90,9.22,mist,2021-10-05 05:49:36
496,Bulawayo,ZW,-20.15,28.5833,61.77,76,99,12.73,overcast clouds,2021-10-05 05:49:37
497,Deputatskiy,RU,69.3,139.9,21.58,72,100,8.68,overcast clouds,2021-10-05 05:49:37
498,Lovozero,RU,68.005,35.0117,43.34,89,85,10.83,overcast clouds,2021-10-05 05:49:37
499,Quang Ngai,VN,15.1167,108.8,87.08,69,92,11.5,overcast clouds,2021-10-05 05:44:54
500,Roswell,US,34.0232,-84.3616,69.39,94,90,0.0,moderate rain,2021-10-05 05:49:38
501,Okhotsk,RU,59.3833,143.3,38.61,57,0,17.2,clear sky,2021-10-05 05:49:38
502,Hofn,IS,64.2539,-15.2082,41.52,67,83,13.82,broken clouds,2021-10-05 05:49:39
503,Anjangaon,IN,21.1631,77.3094,87.66,62,61,3.36,broken clouds,2021-10-05 05:49:39
504,Chichihualco,MX,17.6833,-99.65,64.53,88,100,2.21,overcast clouds,2021-10-05 05:49:40
505,Tete,MZ,-16.1564,33.5867,78.89,65,75,11.99,broken clouds,2021-10-05 05:49:40
506,Zhezkazgan,KZ,47.8043,67.7144,36.1,48,17,16.26,few clouds,2021-10-05 05:49:40
507,Yermish,RU,54.7678,42.2711,42.85,60,61,9.95,broken clouds,2021-10-05 05:49:41
508,Zemio,CF,5.0314,25.1361,73.38,89,96,1.41,overcast clouds,2021-10-05 05:49:41
509,Diffa,NE,13.3154,12.6113,84.04,42,60,1.19,broken clouds,2021-10-05 05:49:41
510,Flinders,AU,-34.5833,150.8552,67.8,45,3,19.37,clear sky,2021-10-05 05:49:42
511,Taraz,KZ,42.9,71.3667,41.41,52,100,8.95,overcast clouds,2021-10-05 05:49:42
512,Port Moresby,PG,-9.4431,147.1797,85.42,74,40,17.27,haze,2021-10-05 05:49:42
513,Prieska,ZA,-29.6641,22.7474,53.44,45,43,7.09,scattered clouds,2021-10-05 05:49:43
514,Bilma,NE,18.6853,12.9164,79.84,21,2,12.97,clear sky,2021-10-05 05:49:43
515,Umm Lajj,SA,25.0213,37.2685,83.35,55,1,10.58,clear sky,2021-10-05 05:49:44
516,Aquiraz,BR,-3.9014,-38.3911,83.21,67,97,12.41,overcast clouds,2021-10-05 05:49:44
517,Hobyo,SO,5.3505,48.5268,81.81,73,65,18.41,broken clouds,2021-10-05 05:49:44
518,Hurghada,EG,27.2574,33.8129,76.62,61,0,22.86,clear sky,2021-10-05 05:49:45
519,Eydhafushi,MV,5.1033,73.0708,82.6,77,98,21.61,overcast clouds,2021-10-05 05:49:45
520,Katobu,ID,-4.9408,122.5276,87.33,58,100,6.93,overcast clouds,2021-10-05 05:49:46
521,Alofi,NU,-19.0595,-169.9187,76.89,83,53,10.36,broken clouds,2021-10-05 05:49:46
522,Cap Malheureux,MU,-19.9842,57.6142,77.47,69,5,5.01,clear sky,2021-10-05 05:49:46
523,Litovko,RU,49.2361,135.1742,53.31,37,3,6.53,clear sky,2021-10-05 05:49:47
524,College,US,64.8569,-147.8028,31.66,93,75,0.0,fog,2021-10-05 05:49:47
525,Ponta Delgada,PT,37.7333,-25.6667,73.51,88,40,4.61,scattered clouds,2021-10-05 05:45:51
526,Arlit,NE,18.7369,7.3853,83.73,19,0,7.2,clear sky,2021-10-05 05:49:48
527,Kropotkin,RU,45.4375,40.5756,47.53,87,100,21.03,moderate rain,2021-10-05 05:49:48
528,Nizhniy Odes,RU,63.6445,54.856,38.57,80,100,7.43,overcast clouds,2021-10-05 05:49:48
529,Bundaberg,AU,-24.85,152.35,84.49,23,0,5.99,clear sky,2021-10-05 05:45:56
530,Sakakah,SA,29.9697,40.2064,76.57,27,1,5.28,clear sky,2021-10-05 05:49:49
531,Eskil,TR,38.4017,33.4131,55.29,55,9,9.66,clear sky,2021-10-05 05:49:49
532,Andenes,NO,69.3143,16.1194,49.98,76,20,18.41,few clouds,2021-10-05 05:47:01
533,Vitina,BA,43.2375,17.4839,45.97,59,0,2.17,clear sky,2021-10-05 05:49:50
534,Turan,VN,16.0678,108.2208,89.58,62,20,11.5,few clouds,2021-10-05 05:49:50
535,Pringsewu,ID,-5.3582,104.9744,89.29,45,100,9.42,overcast clouds,2021-10-05 05:49:51
536,Galveston,US,29.3669,-94.9669,77.99,80,9,6.85,clear sky,2021-10-05 05:48:45
537,Mahibadhoo,MV,3.7833,72.9667,83.64,77,98,19.42,overcast clouds,2021-10-05 05:49:51
538,Noumea,NC,-22.2763,166.4572,82.38,99,9,12.39,clear sky,2021-10-05 05:49:52
539,Crotone,IT,39.0851,17.1178,71.37,76,3,10.49,clear sky,2021-10-05 05:49:52
540,Taseyevo,RU,57.2169,94.8978,44.87,51,76,3.87,broken clouds,2021-10-05 05:49:52
541,Port Hedland,AU,-20.3167,118.5667,86.05,35,0,18.41,clear sky,2021-10-05 05:49:52
542,Talara,PE,-4.5772,-81.2719,65.01,83,93,16.69,overcast clouds,2021-10-05 05:49:53
543,Harper,LR,4.375,-7.7169,76.03,91,15,5.57,moderate rain,2021-10-05 05:49:53
544,Pilar,BR,-9.5972,-35.9567,69.73,89,66,3.96,broken clouds,2021-10-05 05:49:54
545,Caravelas,BR,-17.7125,-39.2481,73.09,88,11,9.78,few clouds,2021-10-05 05:49:54
546,Oktyabrskoye,RU,43.0645,44.7417,46.54,100,90,0.0,overcast clouds,2021-10-05 05:49:54
547,Los Zacatones,MX,22.95,-102.05,60.64,85,100,13.98,overcast clouds,2021-10-05 05:49:55
548,Talin,EE,59.437,24.7535,51.94,78,0,8.05,clear sky,2021-10-05 05:49:55
549,Ocos,GT,14.5094,-92.1933,81.32,86,53,5.44,broken clouds,2021-10-05 05:49:56
550,San Borja,BO,-14.8167,-66.85,68.34,85,100,4.32,overcast clouds,2021-10-05 05:49:56
551,Saint Pete Beach,US,27.7253,-82.7412,78.82,75,81,10.89,broken clouds,2021-10-05 05:49:57
552,Poya,NC,-21.35,165.15,78.91,67,17,4.18,few clouds,2021-10-05 05:49:57
553,Grand Gaube,MU,-20.0064,57.6608,77.38,69,5,5.01,clear sky,2021-10-05 05:49:57
554,Smithers,CA,54.7804,-127.1743,39.52,70,90,2.3,overcast clouds,2021-10-05 05:49:58
555,Kampot,KH,10.6167,104.1833,84.25,69,96,2.86,overcast clouds,2021-10-05 05:49:58
556,Hudson Bay,CA,52.85,-102.3842,46.54,50,87,7.0,overcast clouds,2021-10-05 05:49:58
557,Yumen,CN,40.2833,97.2,61.29,23,71,18.97,broken clouds,2021-10-05 05:49:59
558,Dukat,RU,62.55,155.55,18.16,91,100,7.11,light snow,2021-10-05 05:49:59
559,Sao Joao Da Barra,BR,-21.6403,-41.0511,71.56,95,100,9.19,moderate rain,2021-10-05 05:49:59
560,Vanimo,PG,-2.6741,141.3028,83.73,73,90,5.37,overcast clouds,2021-10-05 05:50:00
561,Algiers,DZ,36.7525,3.042,60.62,67,20,3.44,few clouds,2021-10-05 05:45:39
562,Benemerito De Las Americas,MX,16.5167,-90.6439,70.7,99,46,0.76,scattered clouds,2021-10-05 05:50:00
563,Bathsheba,BB,13.2167,-59.5167,83.01,69,40,19.57,scattered clouds,2021-10-05 05:50:00
564,Talaya,RU,61.3833,152.75,22.35,79,100,12.95,overcast clouds,2021-10-05 05:50:01
565,Ban Bung,TH,18.3081,100.7044,88.88,46,40,2.35,scattered clouds,2021-10-05 05:50:03
566,Unity,CA,52.4501,-109.1682,50.25,29,99,10.94,overcast clouds,2021-10-05 05:50:04
567,Zambezi,ZM,-13.5432,23.1047,72.66,68,93,4.03,overcast clouds,2021-10-05 05:50:04
568,Karimganj,IN,24.8667,92.35,87.75,69,59,2.13,light rain,2021-10-05 05:50:05
569,Victor Harbor,AU,-35.5667,138.6167,66.47,54,21,7.72,few clouds,2021-10-05 05:50:05
570,Agua Dulce,MX,18.1333,-94.1333,77.38,86,53,5.5,broken clouds,2021-10-05 05:50:05
571,Fare,PF,-16.7,-151.0167,78.87,71,8,18.77,clear sky,2021-10-05 05:50:06
572,Hovd,MN,48.0056,91.6419,50.04,22,3,3.24,clear sky,2021-10-05 05:50:06
573,Port Blair,IN,11.6667,92.75,84.4,72,92,9.44,overcast clouds,2021-10-05 05:50:07
574,Amahai,ID,-3.3333,128.9167,83.55,68,71,6.4,broken clouds,2021-10-05 05:50:07
575,Benito Juarez,MX,19.385,-99.165,62.01,68,74,4.0,broken clouds,2021-10-05 05:50:07
576,Manggar,ID,-2.8833,108.2667,85.19,66,82,10.18,broken clouds,2021-10-05 05:50:08
577,Portland,US,45.5234,-122.6762,60.75,89,1,1.01,clear sky,2021-10-05 05:47:13
578,Lusambo,CD,-4.9667,23.45,75.42,81,90,1.21,overcast clouds,2021-10-05 05:50:08
579,Elko,US,41.0002,-115.5012,58.64,20,76,5.01,broken clouds,2021-10-05 05:50:09
580,Raudeberg,NO,61.9875,5.1352,55.2,82,100,8.01,overcast clouds,2021-10-05 05:50:09
581,Coahuayana,MX,18.7333,-103.6833,77.94,91,97,2.39,overcast clouds,2021-10-05 05:50:09
582,Mackay,AU,-21.15,149.2,89.69,54,3,12.66,clear sky,2021-10-05 05:50:10
583,Rochester,US,43.1548,-77.6156,63.12,93,90,5.75,overcast clouds,2021-10-05 05:50:10
584,Kifri,IQ,34.6959,44.9661,80.51,12,0,7.25,clear sky,2021-10-05 05:50:10
585,Dalbandin,PK,28.8947,64.4101,80.55,10,1,9.15,clear sky,2021-10-05 05:50:11
586,Nadym,RU,65.5333,72.5167,39.76,84,100,10.42,overcast clouds,2021-10-05 05:50:11
587,Yueyang,CN,29.3333,113.0919,87.48,52,0,14.41,clear sky,2021-10-05 05:50:12
588,Chiredzi,ZW,-21.05,31.6667,64.33,88,100,3.31,overcast clouds,2021-10-05 05:50:12
589,Gurupa,BR,-1.405,-51.64,72.61,90,88,3.44,overcast clouds,2021-10-05 05:50:12
590,Port Hawkesbury,CA,45.6169,-61.3485,53.58,88,1,3.44,clear sky,2021-10-05 05:50:13
591,Tocopilla,CL,-22.092,-70.1979,59.56,72,24,4.09,few clouds,2021-10-05 05:45:15
592,Sergeyevka,KZ,53.88,67.4158,35.38,59,44,12.39,scattered clouds,2021-10-05 05:50:13
593,Bereda,ES,43.2686,-7.5406,62.42,100,100,4.94,overcast clouds,2021-10-05 05:50:14
594,Saint-Georges,GD,12.0564,-61.7485,83.88,70,20,14.97,few clouds,2021-10-05 05:50:14
595,Pueblo Nuevo,MX,23.3833,-105.3833,54.93,87,46,7.23,scattered clouds,2021-10-05 05:50:14
596,Boksitogorsk,RU,59.474,33.8485,44.6,81,0,10.31,clear sky,2021-10-05 05:50:15
597,Omsukchan,RU,62.5333,155.8,20.62,89,100,11.56,light snow,2021-10-05 05:50:15
598,Maruntei,RO,44.2,24.4667,51.39,63,13,12.53,few clouds,2021-10-05 05:50:16
599,Bosilegrad,RS,42.5011,22.4724,51.06,55,0,1.83,clear sky,2021-10-05 05:50:16
600,Brigantine,US,39.4101,-74.3646,71.02,92,90,3.44,overcast clouds,2021-10-05 05:47:38
601,Farah,AF,32.5,62.5,74.1,12,0,2.64,clear sky,2021-10-05 05:50:17
602,Sistranda,NO,63.7256,8.834,55.9,73,100,6.91,overcast clouds,2021-10-05 05:50:17
603,Praia Da Vitoria,PT,38.7333,-27.0667,71.85,88,20,6.55,few clouds,2021-10-05 05:50:18
604,Mingaora,PK,34.7758,72.3625,79.16,45,1,2.71,clear sky,2021-10-05 05:50:18
605,Viedma,AR,-40.8135,-62.9967,46.72,61,57,10.38,broken clouds,2021-10-05 05:50:18
606,Asosa,ET,10.0667,34.5333,64.56,87,100,4.5,overcast clouds,2021-10-05 05:50:19
607,Sangar,RU,63.9242,127.4739,35.83,71,98,9.4,overcast clouds,2021-10-05 05:50:19
608,Atlantic City,US,39.3643,-74.4229,71.02,90,90,3.44,overcast clouds,2021-10-05 05:50:19
609,Kochi,IN,9.9399,76.2602,85.98,71,54,6.4,broken clouds,2021-10-05 05:47:26
610,Marzuq,YE,14.4,46.4667,85.01,31,74,3.74,broken clouds,2021-10-05 05:50:20
611,Beringovskiy,RU,63.05,179.3167,38.61,100,100,3.76,light rain,2021-10-05 05:50:21
612,Del Rio,US,29.3627,-100.8968,75.42,53,1,4.61,clear sky,2021-10-05 05:50:21
613,San Jose,US,37.3394,-121.895,72.34,57,40,6.91,smoke,2021-10-05 05:49:03
614,Egvekinot,RU,66.3167,-179.1667,26.2,92,100,16.51,light snow,2021-10-05 05:50:21
615,Adolfo Lopez Mateos,MX,28.4667,-107.3,58.15,70,91,6.29,overcast clouds,2021-10-05 05:50:22
616,Bongor,TD,10.2806,15.3722,77.02,80,99,3.98,overcast clouds,2021-10-05 05:50:22
617,Drayton Valley,CA,53.2168,-114.9854,42.91,42,84,4.85,broken clouds,2021-10-05 05:50:23
618,Alyangula,AU,-13.8483,136.4192,85.87,62,75,5.75,broken clouds,2021-10-05 05:50:23
619,Oranjemund,NA,-28.55,16.4333,57.6,76,1,6.44,clear sky,2021-10-05 05:50:23
620,Ada,US,43.4166,-116.1262,65.66,29,1,9.22,clear sky,2021-10-05 05:50:24
621,Ust-Barguzin,RU,53.45,108.9833,47.3,43,20,2.44,few clouds,2021-10-05 05:50:24
622,Bara,NG,10.3744,10.7288,78.12,76,56,3.27,broken clouds,2021-10-05 05:50:25
623,Dongsheng,CN,39.8161,109.9776,47.25,75,100,15.59,moderate rain,2021-10-05 05:50:25
624,Graaff-Reinet,ZA,-32.2522,24.5308,50.5,70,0,0.27,clear sky,2021-10-05 05:50:26
625,Thunder Bay,CA,48.4001,-89.3168,50.29,96,1,4.61,clear sky,2021-10-05 05:45:36
626,Negombo,LK,7.2083,79.8358,78.85,89,75,3.44,broken clouds,2021-10-05 05:50:26
627,Kerman,IR,30.2832,57.0788,71.46,20,0,0.0,clear sky,2021-10-05 05:50:26
628,Gravelbourg,CA,49.8834,-106.5512,53.87,28,4,8.08,clear sky,2021-10-05 05:50:27
629,Magdalena,PH,14.1999,121.429,83.19,89,98,5.79,moderate rain,2021-10-05 05:50:27
630,Yerbogachen,RU,61.2767,108.0108,37.42,58,99,6.22,overcast clouds,2021-10-05 05:50:27
631,Kieta,PG,-6.2167,155.6333,81.81,77,100,2.82,overcast clouds,2021-10-05 05:50:28
632,Serenje,ZM,-13.2325,30.2352,71.76,62,90,10.67,overcast clouds,2021-10-05 05:50:28
633,Buinsk,RU,54.95,48.2833,33.69,54,0,8.08,clear sky,2021-10-05 05:50:29
634,Roald,NO,62.5833,6.1333,56.34,66,40,9.22,scattered clouds,2021-10-05 05:50:29
635,Mangan,IN,27.5167,88.5333,82.4,72,62,6.42,broken clouds,2021-10-05 05:50:29
636,Nisia Floresta,BR,-6.0911,-35.2086,77.38,87,69,6.51,broken clouds,2021-10-05 05:50:30
637,Laguna De Duero,ES,41.5815,-4.7233,57.99,83,90,8.05,overcast clouds,2021-10-05 05:50:30
638,Alekseyevsk,RU,57.8406,108.3492,43.23,62,78,6.46,broken clouds,2021-10-05 05:50:31
639,Buala,SB,-8.145,159.5921,83.59,71,85,4.68,overcast clouds,2021-10-05 05:50:31
640,Leeuwarden,NL,53.2014,5.8086,52.99,89,41,11.5,scattered clouds,2021-10-05 05:50:31
641,Ahuimanu,US,21.4447,-157.8378,78.51,72,75,13.8,broken clouds,2021-10-05 05:50:32
642,Kulhudhuffushi,MV,6.6221,73.07,82.13,78,100,23.47,light rain,2021-10-05 05:50:32
643,Fairbanks,US,64.8378,-147.7164,30.81,92,1,0.0,fog,2021-10-05 05:50:06
644,Shimoda,JP,34.6667,138.95,82.51,69,5,12.5,clear sky,2021-10-05 05:50:33
645,Mogadishu,SO,2.0371,45.3438,82.27,89,75,13.8,broken clouds,2021-10-05 05:50:33
646,Verkhniy Avzyan,RU,53.5289,57.5372,37.87,47,3,3.09,clear sky,2021-10-05 05:50:33
647,Kampong Cham,KH,11.9934,105.4635,87.73,67,100,5.53,overcast clouds,2021-10-05 05:50:34
648,Idlib,SY,35.9306,36.6339,69.19,57,0,6.35,clear sky,2021-10-05 05:50:34
649,Jiuquan,CN,39.7432,98.5174,59.56,29,71,8.66,broken clouds,2021-10-05 05:50:35
650,Wencheng,CN,33.0559,113.7978,56.98,87,100,13.76,overcast clouds,2021-10-05 05:50:35
651,Santander,ES,43.4647,-3.8044,62.71,95,75,8.99,light intensity drizzle,2021-10-05 05:50:36
652,Sao Raimundo Nonato,BR,-9.0153,-42.6994,76.28,39,48,5.91,scattered clouds,2021-10-05 05:50:36
653,Husavik,IS,66.0449,-17.3389,37.31,86,100,11.83,overcast clouds,2021-10-05 05:50:36
654,Ust-Kulom,RU,61.6864,53.6902,38.7,74,96,5.77,overcast clouds,2021-10-05 05:50:37
655,Beloha,MG,-25.1667,45.05,75.02,54,94,10.38,overcast clouds,2021-10-05 05:50:37
656,Kamphaeng Phet,TH,16.25,99.5,88.09,60,31,3.74,scattered clouds,2021-10-05 05:50:37
657,Poso,ID,-1.3959,120.7524,86.97,61,94,7.72,overcast clouds,2021-10-05 05:50:38
658,Alta Floresta,BR,-9.8756,-56.0861,69.69,96,43,1.57,light rain,2021-10-05 05:50:38
659,Carutapera,BR,-1.195,-46.02,76.95,87,71,6.82,broken clouds,2021-10-05 05:50:38
660,Kampene,CD,-3.6,26.6667,74.57,83,98,1.54,overcast clouds,2021-10-05 05:50:39
661,Bolshoye Selo,RU,57.7177,38.9334,42.89,81,10,6.51,clear sky,2021-10-05 05:50:39
662,Klyavlino,RU,54.2649,52.0267,39.65,48,3,5.23,clear sky,2021-10-05 05:50:40
663,Altay,CN,47.8667,88.1167,49.62,36,84,6.04,broken clouds,2021-10-05 05:50:40
664,Abalak,RU,58.1286,68.5944,35.26,60,100,4.99,overcast clouds,2021-10-05 05:50:40
665,Jucas,BR,-6.5253,-39.5275,73.02,82,69,3.69,broken clouds,2021-10-05 05:50:41
666,Nur,PL,52.6683,22.3221,50.79,60,60,16.31,broken clouds,2021-10-05 05:50:41
667,Shahr-E Babak,IR,30.1165,55.1186,77.02,22,0,9.01,clear sky,2021-10-05 05:50:41
668,Alcudia,ES,39.8532,3.1214,59.38,68,1,7.45,clear sky,2021-10-05 05:50:42
669,Moen,NO,69.1304,18.6123,51.87,93,75,1.14,broken clouds,2021-10-05 05:50:42
670,Calama,CL,-22.4667,-68.9333,50.58,20,0,7.02,clear sky,2021-10-05 05:50:43
671,Nikolsk,RU,53.7189,46.0712,40.37,52,29,9.51,scattered clouds,2021-10-05 05:50:43
672,Soledad,CO,10.9184,-74.7646,80.71,94,40,3.44,fog,2021-10-05 05:50:43
673,Kuchera,IN,26.9839,73.9719,90.48,49,51,6.49,broken clouds,2021-10-05 05:50:44
674,Nouakchott,MR,18.0858,-15.9785,78.73,38,0,10.85,clear sky,2021-10-05 05:50:44
675,Sanmenxia,CN,34.7747,111.1814,55.98,87,100,13.02,overcast clouds,2021-10-05 05:50:45
676,Sao Jose Da Coroa Grande,BR,-8.8978,-35.1478,73.81,82,58,3.76,broken clouds,2021-10-05 05:50:45
677,Letnyaya Stavka,RU,45.4306,43.4472,48.06,81,100,17.47,moderate rain,2021-10-05 05:50:45
678,Bang Racham,TH,14.892,100.3173,88.48,63,56,8.41,broken clouds,2021-10-05 05:50:46
679,Plettenberg Bay,ZA,-34.0527,23.3716,57.94,60,0,5.01,clear sky,2021-10-05 05:50:46
680,Teguldet,RU,57.3064,88.1667,41.29,52,55,9.08,broken clouds,2021-10-05 05:50:47
681,Wad Rawah,SD,15.1603,33.1397,91.6,19,19,14.97,few clouds,2021-10-05 05:50:47
682,Kloulklubed,PW,7.0419,134.2556,77.5,87,100,15.5,moderate rain,2021-10-05 05:50:47
683,Akranes,IS,64.3218,-22.0749,39.76,82,77,15.05,broken clouds,2021-10-05 05:50:48
684,Balykshi,KZ,47.0667,51.8667,44.6,45,0,24.61,clear sky,2021-10-05 05:50:48
685,Foundiougne,SN,14.1333,-16.4667,80.28,81,74,8.1,broken clouds,2021-10-05 05:50:48
686,Ayan,RU,56.45,138.1667,45.64,44,9,9.64,clear sky,2021-10-05 05:50:49
687,Nanyang,CN,32.9947,112.5328,56.97,83,100,20.54,overcast clouds,2021-10-05 05:50:49
688,Cockburn Town,TC,21.4612,-71.1419,83.16,73,100,20.71,overcast clouds,2021-10-05 05:50:49
689,Alenquer,BR,-1.9417,-54.7383,82.74,67,68,4.5,broken clouds,2021-10-05 05:50:50
690,Vila Velha,BR,-20.3297,-40.2925,75.15,88,90,4.61,light rain,2021-10-05 05:50:50
691,Norfolk,US,42.1668,-71.2495,56.3,96,90,1.01,moderate rain,2021-10-05 05:50:51
692,Bombay,IN,19.0144,72.8479,89.58,70,40,8.05,haze,2021-10-05 05:46:57
693,Aksarka,RU,66.5606,67.7975,41.63,87,100,12.71,overcast clouds,2021-10-05 05:50:51
694,Hanzhong,CN,33.0728,107.0303,56.44,95,100,1.48,overcast clouds,2021-10-05 05:50:52
695,Mporokoso,ZM,-9.3727,30.125,73.56,54,23,5.88,few clouds,2021-10-05 05:50:52
696,Chabahar,IR,25.2919,60.643,82.74,73,85,4.07,overcast clouds,2021-10-05 05:50:52
697,Sola,VU,-13.8833,167.55,81.28,73,48,5.21,scattered clouds,2021-10-05 05:50:53
698,Baghdad,IQ,33.3406,44.4009,73.31,33,0,3.44,clear sky,2021-10-05 05:50:53
699,Vostok,RU,46.4856,135.8833,43.36,55,100,7.81,overcast clouds,2021-10-05 05:50:54
700,Sri Aman,MY,1.2376,111.4621,89.65,70,40,3.44,scattered clouds,2021-10-05 05:50:54
701,Gaillac,FR,43.9016,1.8969,54.91,95,83,4.18,broken clouds,2021-10-05 05:50:54
702,Neijiang,CN,29.5835,105.0622,70.0,81,95,7.16,overcast clouds,2021-10-05 05:50:55
703,Sinnamary,GF,5.3833,-52.95,79.16,82,39,8.9,scattered clouds,2021-10-05 05:50:55
704,Ambilobe,MG,-13.2,49.05,88.95,36,3,2.71,clear sky,2021-10-05 05:50:56
705,Kambove,CD,-10.8764,26.5969,68.95,74,92,3.13,overcast clouds,2021-10-05 05:50:56
706,Pangnirtung,CA,66.1451,-65.7125,39.4,62,100,5.44,overcast clouds,2021-10-05 05:50:56
707,Taihe,CN,30.8712,105.3845,65.44,83,100,5.91,overcast clouds,2021-10-05 05:50:57
708,Songjianghe,CN,42.1859,127.479,45.16,94,100,2.86,overcast clouds,2021-10-05 05:50:57
709,Rahuri,IN,19.3833,74.65,86.09,61,69,5.77,broken clouds,2021-10-05 05:50:57
710,Ngaoundere,CM,7.3167,13.5833,65.86,87,77,2.3,broken clouds,2021-10-05 05:50:58
711,Tarime,TZ,-1.35,34.3667,73.45,59,96,4.32,overcast clouds,2021-10-05 05:50:58
712,Tromso,NO,69.6496,18.957,51.82,62,20,4.0,light rain,2021-10-05 05:50:58
